{"type":"FeatureCollection","features":[{"type":"Feature","geometry":{"type":"Point","coordinates":[82.30179190000001,28.1319443]},"properties":{"cat":"HOTELS.CAFE.RESTURANTS","name":"गार्डेन रेष्टुरेन्ट एण्ड सेकुवा कर्नर"}},{"type":"Feature","geometry":{"type":"Point","coordinates":[82.300126,28.1326563]},"properties":{"cat":"HOTELS.CAFE.RESTURANTS","name":"क्राउन रेस्टुरेन्ट र लज"}},{"type":"Feature","geometry":{"type":"Point","coordinates":[82.29715420000002,28.13418079999999]},"properties":{"cat":"HOTELS.CAFE.RESTURANTS","name":"डिलाईट कर्नर-द फ्यामिली रेस्टुरेन्ट"}},{"type":"Feature","geometry":{"type":"Point","coordinates":[82.2979692,28.1315136]},"properties":{"cat":"HOTELS.CAFE.RESTURANTS","name":"मिलन मोमो रेष्टुरेन्ट"}},{"type":"Feature","geometry":{"type":"Point","coordinates":[82.2981838,28.13206639999999]},"properties":{"cat":"HOTELS.CAFE.RESTURANTS","name":"भण्डारी रेस्टुरेन्ट"}},{"type":"Feature","geometry":{"type":"Point","coordinates":[82.29579910000001,28.13085380000001]},"properties":{"cat":"HOTELS.CAFE.RESTURANTS","name":"ओलि नास्ता पसल"}},{"type":"Feature","geometry":{"type":"Point","coordinates":[82.29721510000003,28.1299755]},"properties":{"cat":"HOTELS.CAFE.RESTURANTS","name":"खुसी फेमली रेष्टुरेन्ट"}},{"type":"Feature","geometry":{"type":"Point","coordinates":[82.29708759999998,28.13301350000001]},"properties":{"cat":"HOTELS.CAFE.RESTURANTS","name":"ह्यासट्याग रेष्ट्रो एण्ड लाउन्ज"}},{"type":"Feature","geometry":{"type":"Point","coordinates":[82.29559340000002,28.1291842]},"properties":{"cat":"HOTELS.CAFE.RESTURANTS","name":"पाल्पाली रेस्टुरन्ट"}},{"type":"Feature","geometry":{"type":"Point","coordinates":[82.298566,28.13469310000001]},"properties":{"cat":"HOTELS.CAFE.RESTURANTS","name":"उन्नती चाट भण्डार"}},{"type":"Feature","geometry":{"type":"Point","coordinates":[82.2962478,28.1335504]},"properties":{"cat":"HOTELS.CAFE.RESTURANTS","name":"अन्नपूर्ण रेष्टुरा"}},{"type":"Feature","geometry":{"type":"Point","coordinates":[82.2964409,28.1335149]},"properties":{"cat":"HOTELS.CAFE.RESTURANTS","name":"सहुलियत जुस सेन्टर एण्ड रेष्टुरा"}},{"type":"Feature","geometry":{"type":"Point","coordinates":[82.2942281,28.1341713]},"properties":{"cat":"HOTELS.CAFE.RESTURANTS","name":"द लण्डन करी रेष्टुरेन्ट"}},{"type":"Feature","geometry":{"type":"Point","coordinates":[82.29958760000001,28.1361021]},"properties":{"cat":"HOTELS.CAFE.RESTURANTS","name":"रेडियो प्रकृति"}},{"type":"Feature","geometry":{"type":"Point","coordinates":[82.29586360000003,28.1333245]},"properties":{"cat":"HOTELS.CAFE.RESTURANTS","name":"भुसाल स्टोर"}},{"type":"Feature","geometry":{"type":"Point","coordinates":[82.29562820000002,28.1291142]},"properties":{"cat":"HOTELS.CAFE.RESTURANTS","name":"मनोज हेल्थ क्लिनिक"}},{"type":"Feature","geometry":{"type":"Point","coordinates":[82.29654540000001,28.128927]},"properties":{"cat":"HOTELS.CAFE.RESTURANTS","name":"रौनियार मेडिकल"}},{"type":"Feature","geometry":{"type":"Point","coordinates":[82.29684050000004,28.12909170000002]},"properties":{"cat":"HOTELS.CAFE.RESTURANTS","name":"चौधरी उपचार क्लिनिक"}},{"type":"Feature","geometry":{"type":"Point","coordinates":[82.29548069999997,28.1300118]},"properties":{"cat":"HOTELS.CAFE.RESTURANTS","name":"श्री जनता औषधि सप्लायर्स"}},{"type":"Feature","geometry":{"type":"Point","coordinates":[82.29682309999997,28.12896160000001]},"properties":{"cat":"HOTELS.CAFE.RESTURANTS","name":"जनज्योति पोलिक्लिनिक"}},{"type":"Feature","geometry":{"type":"Point","coordinates":[82.29545339999999,28.13210689999998]},"properties":{"cat":"HOTELS.CAFE.RESTURANTS","name":"RB Dental Clinic"}},{"type":"Feature","geometry":{"type":"Point","coordinates":[82.2967815,28.12888]},"properties":{"cat":"HOTELS.CAFE.RESTURANTS","name":"राप्ती क्लिनिक"}},{"type":"Feature","geometry":{"type":"Point","coordinates":[82.29757819999998,28.13588490000001]},"properties":{"cat":"HOTELS.CAFE.RESTURANTS","name":"राप्ती प्रादेशिक अस्पताल"}},{"type":"Feature","geometry":{"type":"Point","coordinates":[82.29554969999997,28.13266870000002]},"properties":{"cat":"HOTELS.CAFE.RESTURANTS","name":"अन्जना मेडिकल"}},{"type":"Feature","geometry":{"type":"Point","coordinates":[82.2964892,28.13378689999997]},"properties":{"cat":"HOTELS.CAFE.RESTURANTS","name":"क्यान्डल लाइट रेष्टुरा एण्ड क्याफे"}},{"type":"Feature","geometry":{"type":"Point","coordinates":[82.29527169999999,28.133001]},"properties":{"cat":"HOTELS.CAFE.RESTURANTS","name":"श्री गाउँले रेष्टुरेन्ट"}},{"type":"Feature","geometry":{"type":"Point","coordinates":[82.29523929999998,28.13321450000002]},"properties":{"cat":"HOTELS.CAFE.RESTURANTS","name":"जनसागर होटल एण्ड सेकुवा कर्नर"}},{"type":"Feature","geometry":{"type":"Point","coordinates":[82.29524730000004,28.1335386]},"properties":{"cat":"HOTELS.CAFE.RESTURANTS","name":"बिशाल होटल"}},{"type":"Feature","geometry":{"type":"Point","coordinates":[82.30174774133641,28.13280314098136]},"properties":{"cat":"HOTELS.CAFE.RESTURANTS","name":"Western palace hotel"}},{"type":"Feature","geometry":{"type":"Point","coordinates":[82.30095635166533,28.13590780834038]},"properties":{"cat":"HOTELS.CAFE.RESTURANTS","name":"Palau hotel"}},{"type":"Feature","geometry":{"type":"Point","coordinates":[82.30026010997771,28.13265250249701]},"properties":{"cat":"HOTELS.CAFE.RESTURANTS","name":"Crown resturant and lodge"}},{"type":"Feature","geometry":{"type":"Point","coordinates":[82.29877732682175,28.13135905229013]},"properties":{"cat":"HOTELS.CAFE.RESTURANTS","name":"Ekanta Hotel"}},{"type":"Feature","geometry":{"type":"Point","coordinates":[82.3387983,28.11433530000001]},"properties":{"cat":"HOTELS.CAFE.RESTURANTS","name":"नकल क्याफे"}},{"type":"Feature","geometry":{"type":"Point","coordinates":[82.35109090000002,28.10620990000002]},"properties":{"cat":"HOTELS.CAFE.RESTURANTS","name":"हेम ज्योति खाजा घर"}},{"type":"Feature","geometry":{"type":"Point","coordinates":[82.33992619999998,28.1137781]},"properties":{"cat":"HOTELS.CAFE.RESTURANTS","name":"ओली नास्ता पसल"}},{"type":"Feature","geometry":{"type":"Point","coordinates":[82.34022659999998,28.112891]},"properties":{"cat":"HOTELS.CAFE.RESTURANTS","name":"ए-वन रेस्ट्रो"}},{"type":"Feature","geometry":{"type":"Point","coordinates":[82.34032990000001,28.1133854]},"properties":{"cat":"HOTELS.CAFE.RESTURANTS","name":"बाबा भोजनालय"}},{"type":"Feature","geometry":{"type":"Point","coordinates":[82.31607869999998,28.0213892]},"properties":{"cat":"HOTELS.CAFE.RESTURANTS","name":"Dwangpur Health Post"}},{"type":"Feature","geometry":{"type":"Point","coordinates":[82.25399152328124,28.03425954046979]},"properties":{"cat":"HOTELS.CAFE.RESTURANTS","name":"Babai resort"}},{"type":"Feature","geometry":{"type":"Point","coordinates":[82.287088,28.1333446]},"properties":{"cat":"HOTELS.CAFE.RESTURANTS","name":"मेट्रो रेष्टुरा"}},{"type":"Feature","geometry":{"type":"Point","coordinates":[82.28720609999998,28.13338129999999]},"properties":{"cat":"HOTELS.CAFE.RESTURANTS","name":"मेट्रो क्याफे"}},{"type":"Feature","geometry":{"type":"Point","coordinates":[82.31320069999998,28.1579588]},"properties":{"cat":"HOTELS.CAFE.RESTURANTS","name":"रिमा किराना तथा चिया पसल"}},{"type":"Feature","geometry":{"type":"Point","coordinates":[82.29382720000001,28.12356560000002]},"properties":{"cat":"HOTELS.CAFE.RESTURANTS","name":"साईराम पानीपुरी हाउस"}},{"type":"Feature","geometry":{"type":"Point","coordinates":[82.3075607,28.12852749999998]},"properties":{"cat":"HOTELS.CAFE.RESTURANTS","name":"हाईवे रेष्ट्रो एण्ड बार"}},{"type":"Feature","geometry":{"type":"Point","coordinates":[82.28763052844678,28.10800740987782]},"properties":{"cat":"HOTELS.CAFE.RESTURANTS","name":"Kamal hotel"}},{"type":"Feature","geometry":{"type":"Point","coordinates":[82.3174861,28.14749180000003]},"properties":{"cat":"HOTELS.CAFE.RESTURANTS","name":"द जंगल रेष्टुरा एण्ड बार"}},{"type":"Feature","geometry":{"type":"Point","coordinates":[82.29380630000004,28.1335784]},"properties":{"cat":"HOTELS.CAFE.RESTURANTS","name":"युबम मोमो"}},{"type":"Feature","geometry":{"type":"Point","coordinates":[82.29125752747782,28.12453209545572]},"properties":{"cat":"HOTELS.CAFE.RESTURANTS","name":"Munal guest hpuse"}},{"type":"Feature","geometry":{"type":"Point","coordinates":[82.30419519999998,28.129016]},"properties":{"cat":"HOTELS.CAFE.RESTURANTS","name":"अम्ब्रेला गार्डेन रेष्टुरेन्ट"}},{"type":"Feature","geometry":{"type":"Point","coordinates":[82.28358139999999,28.13602779999997]},"properties":{"cat":"HOTELS.CAFE.RESTURANTS","name":"बोहरा क्याफे"}},{"type":"Feature","geometry":{"type":"Point","coordinates":[82.30364259999999,28.1304778]},"properties":{"cat":"HOTELS.CAFE.RESTURANTS","name":"जलजला भोजनालय"}},{"type":"Feature","geometry":{"type":"Point","coordinates":[82.29338740000003,28.12401950000001]},"properties":{"cat":"HOTELS.CAFE.RESTURANTS","name":"झंकार रेस्टुरन्ट"}},{"type":"Feature","geometry":{"type":"Point","coordinates":[82.28967030000003,28.1129845]},"properties":{"cat":"HOTELS.CAFE.RESTURANTS","name":"बस्?नेत खाजा घर"}},{"type":"Feature","geometry":{"type":"Point","coordinates":[82.29718320000002,28.1317728]},"properties":{"cat":"HOTELS.CAFE.RESTURANTS","name":"सिटी अन्डरग्राउन्ड रेष्टुरेन्ट"}},{"type":"Feature","geometry":{"type":"Point","coordinates":[82.28896009999998,28.11796359999998]},"properties":{"cat":"HOTELS.CAFE.RESTURANTS","name":"मामा होटल"}},{"type":"Feature","geometry":{"type":"Point","coordinates":[82.29798609999999,28.12982210000002]},"properties":{"cat":"HOTELS.CAFE.RESTURANTS","name":"सिद्धार्थ चाट भण्डार"}},{"type":"Feature","geometry":{"type":"Point","coordinates":[82.29635769999999,28.12932509999999]},"properties":{"cat":"HOTELS.CAFE.RESTURANTS","name":"सजना मिष्ठान्न भण्डार"}},{"type":"Feature","geometry":{"type":"Point","coordinates":[82.25656520000003,28.04105770000003]},"properties":{"cat":"HOTELS.CAFE.RESTURANTS","name":"आपुल खाजा घर"}},{"type":"Feature","geometry":{"type":"Point","coordinates":[82.29628889999998,28.1288365]},"properties":{"cat":"HOTELS.CAFE.RESTURANTS","name":"डिलाइट रेष्टुरेन्ट"}},{"type":"Feature","geometry":{"type":"Point","coordinates":[82.29505960000002,28.13069789999998]},"properties":{"cat":"HOTELS.CAFE.RESTURANTS","name":"झरना होटल"}},{"type":"Feature","geometry":{"type":"Point","coordinates":[82.30390010000004,28.13035479999997]},"properties":{"cat":"HOTELS.CAFE.RESTURANTS","name":"एलिसा होटल"}},{"type":"Feature","geometry":{"type":"Point","coordinates":[82.29640970000001,28.1287939]},"properties":{"cat":"HOTELS.CAFE.RESTURANTS","name":"Resturant"}},{"type":"Feature","geometry":{"type":"Point","coordinates":[82.29782009999997,28.13059870000001]},"properties":{"cat":"HOTELS.CAFE.RESTURANTS","name":"The Park Cafe"}},{"type":"Feature","geometry":{"type":"Point","coordinates":[82.29665610000002,28.13196389999998]},"properties":{"cat":"HOTELS.CAFE.RESTURANTS","name":"फाइन डिनो रेष्टुरेन्ट एण्ड बार"}},{"type":"Feature","geometry":{"type":"Point","coordinates":[82.295903,28.1284287]},"properties":{"cat":"HOTELS.CAFE.RESTURANTS","name":"लक्ष्मी स्वीट हाउस"}},{"type":"Feature","geometry":{"type":"Point","coordinates":[82.33985110000005,28.11381479999999]},"properties":{"cat":"HOTELS.CAFE.RESTURANTS","name":"के.सी. नास्ता पसल"}},{"type":"Feature","geometry":{"type":"Point","coordinates":[82.28385659999998,28.13335230000003]},"properties":{"cat":"HOTELS.CAFE.RESTURANTS","name":"रुफ टप बार एण्ड क्याफे"}},{"type":"Feature","geometry":{"type":"Point","coordinates":[82.3124118,28.15443210000001]},"properties":{"cat":"HOTELS.CAFE.RESTURANTS","name":"होटल ग्रीन हाउस"}},{"type":"Feature","geometry":{"type":"Point","coordinates":[82.29595369999997,28.12916369999998]},"properties":{"cat":"HOTELS.CAFE.RESTURANTS","name":"सुर्खेत जलपान गृह"}},{"type":"Feature","geometry":{"type":"Point","coordinates":[82.2904066,28.11038849999999]},"properties":{"cat":"HOTELS.CAFE.RESTURANTS","name":"Evergreen Cottage and Resturant"}},{"type":"Feature","geometry":{"type":"Point","coordinates":[82.2941445,28.12551039999999]},"properties":{"cat":"HOTELS.CAFE.RESTURANTS","name":"नास्ता पसल"}},{"type":"Feature","geometry":{"type":"Point","coordinates":[82.35058930000004,28.106867]},"properties":{"cat":"HOTELS.CAFE.RESTURANTS","name":"पिके खाजा घर"}},{"type":"Feature","geometry":{"type":"Point","coordinates":[82.34598740000001,28.16166559999999]},"properties":{"cat":"HOTELS.CAFE.RESTURANTS","name":"सुवेदी क्यान्टिन"}},{"type":"Feature","geometry":{"type":"Point","coordinates":[82.29860810000002,28.13325]},"properties":{"cat":"HOTELS.CAFE.RESTURANTS","name":"द फुड पार्क क्याफे"}},{"type":"Feature","geometry":{"type":"Point","coordinates":[82.34707430000002,28.1605683]},"properties":{"cat":"HOTELS.CAFE.RESTURANTS","name":"restsurant"}},{"type":"Feature","geometry":{"type":"Point","coordinates":[82.29723330000002,28.1332814]},"properties":{"cat":"HOTELS.CAFE.RESTURANTS","name":"क्लाउड - द फ्यामिली रेस्टुरेन्ट"}},{"type":"Feature","geometry":{"type":"Point","coordinates":[82.29911240000001,28.13305840000001]},"properties":{"cat":"HOTELS.CAFE.RESTURANTS","name":"शिवानी क्याफे"}},{"type":"Feature","geometry":{"type":"Point","coordinates":[82.29489189999997,28.13285850000002]},"properties":{"cat":"HOTELS.CAFE.RESTURANTS","name":"प्रकाश मिष्ठान्न भण्डार"}},{"type":"Feature","geometry":{"type":"Point","coordinates":[82.2959981,28.1286055]},"properties":{"cat":"HOTELS.CAFE.RESTURANTS","name":"भण्डारी नास्ता पसल"}},{"type":"Feature","geometry":{"type":"Point","coordinates":[82.2941267,28.12476490000001]},"properties":{"cat":"HOTELS.CAFE.RESTURANTS","name":"मनिस खाजा घर"}},{"type":"Feature","geometry":{"type":"Point","coordinates":[82.29885749999998,28.1331708]},"properties":{"cat":"HOTELS.CAFE.RESTURANTS","name":"निशान तन्दुरी रेस्टुरन्ट"}},{"type":"Feature","geometry":{"type":"Point","coordinates":[82.31710727710559,28.14741767316125]},"properties":{"cat":"HOTELS.CAFE.RESTURANTS","name":"Hotel jungle"}},{"type":"Feature","geometry":{"type":"Point","coordinates":[82.3473707,28.16035310000003]},"properties":{"cat":"HOTELS.CAFE.RESTURANTS","name":"restsurant"}},{"type":"Feature","geometry":{"type":"Point","coordinates":[82.29432350000002,28.125872]},"properties":{"cat":"HOTELS.CAFE.RESTURANTS","name":"नयाँ तुलसीपुर खाजा घर"}},{"type":"Feature","geometry":{"type":"Point","coordinates":[82.29529570000001,28.1272166]},"properties":{"cat":"HOTELS.CAFE.RESTURANTS","name":"Resturant"}},{"type":"Feature","geometry":{"type":"Point","coordinates":[82.2601982,28.0540789]},"properties":{"cat":"HOTELS.CAFE.RESTURANTS","name":"चौधरी नास्ता पसल"}},{"type":"Feature","geometry":{"type":"Point","coordinates":[82.2955007,28.13248849999998]},"properties":{"cat":"HOTELS.CAFE.RESTURANTS","name":"को को भ्यू रेष्टुरेन्ट"}},{"type":"Feature","geometry":{"type":"Point","coordinates":[82.347191,28.1601923]},"properties":{"cat":"HOTELS.CAFE.RESTURANTS","name":"restsurant"}},{"type":"Feature","geometry":{"type":"Point","coordinates":[82.34415628026821,28.11363725064927]},"properties":{"cat":"HOSPITALS/HEALTH INSTITUTES","name":"Naya Paila sudar kendra"}},{"type":"Feature","geometry":{"type":"Point","coordinates":[82.26273459999997,28.0569392]},"properties":{"cat":"HOSPITALS/HEALTH INSTITUTES","name":"खड्का डाक्टर"}},{"type":"Feature","geometry":{"type":"Point","coordinates":[82.2698285,28.06184769999998]},"properties":{"cat":"HOSPITALS/HEALTH INSTITUTES","name":"ग्याने डाक्टर"}},{"type":"Feature","geometry":{"type":"Point","coordinates":[82.299221,28.13590030000002]},"properties":{"cat":"A. CLILIC/PHARMACY","name":"अष्टांग आयुर्वेदिक केन्द्र"}},{"type":"Feature","geometry":{"type":"Point","coordinates":[82.36765072043731,28.08769166036505]},"properties":{"cat":"A. CLILIC/PHARMACY","name":"Gaunghar clinic"}},{"type":"Feature","geometry":{"type":"Point","coordinates":[82.29624710000003,28.13328640000001]},"properties":{"cat":"A. CLILIC/PHARMACY","name":"प्रकाश फार्मा"}},{"type":"Feature","geometry":{"type":"Point","coordinates":[82.29775119999998,28.1356378]},"properties":{"cat":"A. CLILIC/PHARMACY","name":"साझा फार्मेसी"}},{"type":"Feature","geometry":{"type":"Point","coordinates":[82.302103,28.1316889]},"properties":{"cat":"A. CLILIC/PHARMACY","name":"इमानुएल पोलिक्लिनिक प्रा. लि."}},{"type":"Feature","geometry":{"type":"Point","coordinates":[82.29570460000002,28.13331980000001]},"properties":{"cat":"A. CLILIC/PHARMACY","name":"प्रबेश पोलिक्लिनिक"}},{"type":"Feature","geometry":{"type":"Point","coordinates":[82.29725516292768,28.12931686470162]},"properties":{"cat":"A. CLILIC/PHARMACY","name":"पूर्णागिरी फार्मेसी"}},{"type":"Feature","geometry":{"type":"Point","coordinates":[82.29728725478297,28.12939917720728]},"properties":{"cat":"A. CLILIC/PHARMACY","name":"रौनियार अस्पताल र दन्त चिकित्सा क्लिनिक"}},{"type":"Feature","geometry":{"type":"Point","coordinates":[82.29787190000002,28.135552]},"properties":{"cat":"A. CLILIC/PHARMACY","name":"मलिका मेडिकल क्लिनिक"}},{"type":"Feature","geometry":{"type":"Point","coordinates":[82.29782090000003,28.1354349]},"properties":{"cat":"A. CLILIC/PHARMACY","name":"नेशनल प्याथ ल्याब एण्ड रिसर्च सेन्टर"}},{"type":"Feature","geometry":{"type":"Point","coordinates":[82.29849409999997,28.13265039999998]},"properties":{"cat":"A. CLILIC/PHARMACY","name":"एपोलो अल्ट्रासोनिक क्लिनिक"}},{"type":"Feature","geometry":{"type":"Point","coordinates":[82.292162,28.121341]},"properties":{"cat":"A. CLILIC/PHARMACY","name":"डि फार्मेसी"}},{"type":"Feature","geometry":{"type":"Point","coordinates":[82.32113183429865,28.04436104869333]},"properties":{"cat":"A. CLILIC/PHARMACY","name":"KP upachar clinic"}},{"type":"Feature","geometry":{"type":"Point","coordinates":[82.29669639999996,28.13080659999999]},"properties":{"cat":"A. CLILIC/PHARMACY","name":"राप्ती फार्मा"}},{"type":"Feature","geometry":{"type":"Point","coordinates":[82.29516228966413,28.12260026502348]},"properties":{"cat":"A. CLILIC/PHARMACY","name":"hitayu polyclinic pvt.ltd"}},{"type":"Feature","geometry":{"type":"Point","coordinates":[82.27934304454837,28.13261203074902]},"properties":{"cat":"A. CLILIC/PHARMACY","name":"Swasth clinic"}},{"type":"Feature","geometry":{"type":"Point","coordinates":[82.297839,28.13548109999999]},"properties":{"cat":"A. CLILIC/PHARMACY","name":"जीनोमिक डायगोनोस्टिक केन्द्र"}},{"type":"Feature","geometry":{"type":"Point","coordinates":[82.29768810000003,28.13507130000001]},"properties":{"cat":"A. CLILIC/PHARMACY","name":"मोहन चन्द्र आयुर्वेदिक चिकित्सा तथा स्वास्थ्य सेवा केन्द्र"}},{"type":"Feature","geometry":{"type":"Point","coordinates":[82.2910362,28.11798789999999]},"properties":{"cat":"A. CLILIC/PHARMACY","name":"आरोग्य प्राकृतिक क्लिनिक"}},{"type":"Feature","geometry":{"type":"Point","coordinates":[82.29806630000003,28.1357537]},"properties":{"cat":"A. CLILIC/PHARMACY","name":"रेग्मी फार्मेसी"}},{"type":"Feature","geometry":{"type":"Point","coordinates":[82.29620929999999,28.13052579999997]},"properties":{"cat":"A. CLILIC/PHARMACY","name":"कञ्चन आयुर्वेदिक क्लिनिक"}},{"type":"Feature","geometry":{"type":"Point","coordinates":[82.29590029999996,28.128233]},"properties":{"cat":"A. CLILIC/PHARMACY","name":"ओजस आयुर्वेदिक मेडिकल हल"}},{"type":"Feature","geometry":{"type":"Point","coordinates":[82.29824869999997,28.131709]},"properties":{"cat":"A. CLILIC/PHARMACY","name":"देउराली पोलिक्लिनिक"}},{"type":"Feature","geometry":{"type":"Point","coordinates":[82.29785509999998,28.1355195]},"properties":{"cat":"A. CLILIC/PHARMACY","name":"पानस मेडिको फार्मा"}},{"type":"Feature","geometry":{"type":"Point","coordinates":[82.29815749999999,28.1318757]},"properties":{"cat":"A. CLILIC/PHARMACY","name":"बिनोद प्याथोलोजी एण्ड ज्योती मेडिकल हल"}},{"type":"Feature","geometry":{"type":"Point","coordinates":[82.33977026807521,28.11448388730357]},"properties":{"cat":"B. HOSPITALS","name":"प्रादेशिक आयुर्वेदिक अस्पताल, बिजौरी"}},{"type":"Feature","geometry":{"type":"Point","coordinates":[82.2975929,28.13074749999997]},"properties":{"cat":"B. HOSPITALS","name":"Tulsipur City Hospital"}},{"type":"Feature","geometry":{"type":"Point","coordinates":[82.31623790000003,28.16461880000002]},"properties":{"cat":"B. HOSPITALS","name":"राप्ती आँखा अस्पताल"}},{"type":"Feature","geometry":{"type":"Point","coordinates":[82.26102277349563,28.13170316597674]},"properties":{"cat":"B. HOSPITALS","name":"Bhimsen metro hospital"}},{"type":"Feature","geometry":{"type":"Point","coordinates":[82.2957569,28.134942]},"properties":{"cat":"B. HOSPITALS","name":"तुल्सी बाल अस्पताल"}},{"type":"Feature","geometry":{"type":"Point","coordinates":[82.28704779999998,28.13251909999999]},"properties":{"cat":"B. HOSPITALS","name":"राप्ती क्षेत्रीय आयुर्वेदिक अस्पताल"}},{"type":"Feature","geometry":{"type":"Point","coordinates":[82.29554640000005,28.13227309999998]},"properties":{"cat":"B. HOSPITALS","name":"तुलसीपुर सिटी अस्पताल"}},{"type":"Feature","geometry":{"type":"Point","coordinates":[82.31455056514494,28.12686014083859]},"properties":{"cat":"B. HOSPITALS","name":"Rapti Life care hospital"}},{"type":"Feature","geometry":{"type":"Point","coordinates":[82.29808689999997,28.13176959999997]},"properties":{"cat":"B. HOSPITALS","name":"चिनारी अस्पताल"}},{"type":"Feature","geometry":{"type":"Point","coordinates":[82.29844179999996,28.13147359999998]},"properties":{"cat":"B. HOSPITALS","name":"राप्ती लाइफ केयर अस्पताल"}},{"type":"Feature","geometry":{"type":"Point","coordinates":[82.36060529999999,28.0935857]},"properties":{"cat":"B. HOSPITALS","name":"Corona Specialized Hospital (Temporary)"}},{"type":"Feature","geometry":{"type":"Point","coordinates":[82.24431578976552,28.12726873138005]},"properties":{"cat":"C. HEALTHPOST","name":"Health post"}},{"type":"Feature","geometry":{"type":"Point","coordinates":[82.3301938,28.040344]},"properties":{"cat":"C. HEALTHPOST","name":"डुरुवा स्वास्थ्य चौकी"}},{"type":"Feature","geometry":{"type":"Point","coordinates":[82.3497793,28.1068569]},"properties":{"cat":"C. HEALTHPOST","name":"हेमन्तपुर नगर स्वास्थ्य केन्द्र"}},{"type":"Feature","geometry":{"type":"Point","coordinates":[82.31049785966711,28.07661033445073]},"properties":{"cat":"C. HEALTHPOST","name":"Laxmipur nagar swastha kendra"}},{"type":"Feature","geometry":{"type":"Point","coordinates":[82.27050677784067,28.01143058546069]},"properties":{"cat":"C. HEALTHPOST","name":"Fulwari swastha chauki"}},{"type":"Feature","geometry":{"type":"Point","coordinates":[82.36972289999999,28.14162409999998]},"properties":{"cat":"C. HEALTHPOST","name":"बिजौरी स्वास्थ्य चौकी"}},{"type":"Feature","geometry":{"type":"Point","coordinates":[82.29011457832682,28.08737533318178]},"properties":{"cat":"C. HEALTHPOST","name":"hemnagar nagar regena swastha chauki"}},{"type":"Feature","geometry":{"type":"Point","coordinates":[82.2746828,28.067067]},"properties":{"cat":"C. HEALTHPOST","name":"हेमनगर स्वास्थ्य चौकी"}},{"type":"Feature","geometry":{"type":"Point","coordinates":[82.267127,28.0987889]},"properties":{"cat":"C. HEALTHPOST","name":"टरिगाउँ स्वास्थ्य चौकी"}},{"type":"Feature","geometry":{"type":"Point","coordinates":[82.241284,28.0646067]},"properties":{"cat":"C. HEALTHPOST","name":"उरहरी स्वास्थ्य चौकी"}},{"type":"Feature","geometry":{"type":"Point","coordinates":[82.3111633554927,28.17992779344027]},"properties":{"cat":"C. HEALTHPOST","name":"Adharbhut swastha kendra, ranagaun"}},{"type":"Feature","geometry":{"type":"Point","coordinates":[82.28661402165787,28.13195539327848]},"properties":{"cat":"C. HEALTHPOST","name":"Adharbhut swastha kendra"}},{"type":"Feature","geometry":{"type":"Point","coordinates":[82.29202729999996,28.21171419999999]},"properties":{"cat":"C. HEALTHPOST","name":"Pratapkot Health Post"}},{"type":"Feature","geometry":{"type":"Point","coordinates":[82.24146254361517,28.06449757887994]},"properties":{"cat":"C. HEALTHPOST","name":"Urahari samudayik chauki"}},{"type":"Feature","geometry":{"type":"Point","coordinates":[82.25340690000002,28.15263440000003]},"properties":{"cat":"C. HEALTHPOST","name":"पवन नगर स्वास्थ्य चौकी"}},{"type":"Feature","geometry":{"type":"Point","coordinates":[82.32771169670792,28.12223743215368]},"properties":{"cat":"C. HEALTHPOST","name":"Nagar swastha chauki parsheni"}},{"type":"Feature","geometry":{"type":"Point","coordinates":[82.2888637,28.1328597]},"properties":{"cat":"C. HEALTHPOST","name":"दोघर्रे स्वास्थ्य चौकी"}},{"type":"Feature","geometry":{"type":"Point","coordinates":[82.30221840000002,28.14546380000002]},"properties":{"cat":"C. HEALTHPOST","name":"राणागाउँ स्वास्थ्य चौकी"}},{"type":"Feature","geometry":{"type":"Point","coordinates":[82.39810310000001,28.1514459]},"properties":{"cat":"C. HEALTHPOST","name":"छिल्लिकोट सामुदायिक स्वास्थ्य इकाई"}},{"type":"Feature","geometry":{"type":"Point","coordinates":[82.33968210000002,28.09752309999997]},"properties":{"cat":"C. HEALTHPOST","name":"मानपुर स्वास्थ्य चौकी"}},{"type":"Feature","geometry":{"type":"Point","coordinates":[82.34366684016473,28.15945561953273]},"properties":{"cat":"C. HEALTHPOST","name":"Halawar swastha chauki"}},{"type":"Feature","geometry":{"type":"Point","coordinates":[82.23704625250178,28.07355436516081]},"properties":{"cat":"D. KHOP KENDRA","name":"Khop clinic"}},{"type":"Feature","geometry":{"type":"Point","coordinates":[82.3444119987202,28.08007344880764]},"properties":{"cat":"D. KHOP KENDRA","name":"Gaun Ghar clinic"}},{"type":"Feature","geometry":{"type":"Point","coordinates":[82.22472794166127,28.08233952497849]},"properties":{"cat":"D. KHOP KENDRA","name":"Khop clinic"}},{"type":"Feature","geometry":{"type":"Point","coordinates":[82.26620878228302,28.04031644820335]},"properties":{"cat":"D. KHOP KENDRA","name":"Khop kendra"}},{"type":"Feature","geometry":{"type":"Point","coordinates":[82.25086109180025,28.05555656241421]},"properties":{"cat":"D. KHOP KENDRA","name":"Khop Clinic"}},{"type":"Feature","geometry":{"type":"Point","coordinates":[82.29791339999997,28.1356123]},"properties":{"cat":"D. MEDICAL STORE","name":"स्टार मेडिकल हल"}},{"type":"Feature","geometry":{"type":"Point","coordinates":[82.29910430000002,28.13511389999998]},"properties":{"cat":"D. MEDICAL STORE","name":"जीवन रक्षा मेडिकल सेन्टर"}},{"type":"Feature","geometry":{"type":"Point","coordinates":[82.29868320000004,28.1326622]},"properties":{"cat":"D. MEDICAL STORE","name":"चिरायु मेडिकल हल"}},{"type":"Feature","geometry":{"type":"Point","coordinates":[82.2957154,28.13034420000001]},"properties":{"cat":"D. MEDICAL STORE","name":"हिमालयन ड्रग हाउस"}},{"type":"Feature","geometry":{"type":"Point","coordinates":[82.29839470000003,28.1324753]},"properties":{"cat":"D. MEDICAL STORE","name":"पाल्पाली मेडिकल हल"}},{"type":"Feature","geometry":{"type":"Point","coordinates":[82.29770559999996,28.1310627]},"properties":{"cat":"D. MEDICAL STORE","name":"शितल आयुर्वेदिक मेडिकल हल"}},{"type":"Feature","geometry":{"type":"Point","coordinates":[82.2994074,28.1326244]},"properties":{"cat":"D. MEDICAL STORE","name":"सौरभ मेडिकल हल"}},{"type":"Feature","geometry":{"type":"Point","coordinates":[82.2970578,28.13431680000001]},"properties":{"cat":"D. MEDICAL STORE","name":"शिवमाया औषधि वितरक"}},{"type":"Feature","geometry":{"type":"Point","coordinates":[82.2909685,28.1178415]},"properties":{"cat":"D. MEDICAL STORE","name":"प्रमिसा मेडिकल स्टोर"}},{"type":"Feature","geometry":{"type":"Point","coordinates":[82.3514396,28.16597859999998]},"properties":{"cat":"D. MEDICAL STORE","name":"औषधि पसल"}},{"type":"Feature","geometry":{"type":"Point","coordinates":[82.2972979,28.1346337]},"properties":{"cat":"F. SURGICAL HOUSE","name":"यश सर्जिकल हाउस"}},{"type":"Feature","geometry":{"type":"Point","coordinates":[82.29755130000002,28.1351316]},"properties":{"cat":"F. SURGICAL HOUSE","name":"बुढाथोकी सर्जिकल हाउस"}},{"type":"Feature","geometry":{"type":"Point","coordinates":[82.29841770000002,28.13558689999999]},"properties":{"cat":"F. SURGICAL HOUSE","name":"सगरमाथा सर्जिकल एण्ड केमिकल हाउस"}},{"type":"Feature","geometry":{"type":"Point","coordinates":[82.29739146535553,28.12952597721165]},"properties":{"cat":"F. SURGICAL HOUSE","name":"पाल्पाली सर्जिकल हाउस"}},{"type":"Feature","geometry":{"type":"Point","coordinates":[82.2990742,28.1350571]},"properties":{"cat":"F. SURGICAL HOUSE","name":"रक्षा सर्जिकल हाउस"}},{"type":"Feature","geometry":{"type":"Point","coordinates":[82.29914189999998,28.13517950000001]},"properties":{"cat":"F. SURGICAL HOUSE","name":"आर.जी.एम सर्जिकल हाउस"}},{"type":"Feature","geometry":{"type":"Point","coordinates":[82.36920585163121,28.08826142620491]},"properties":{"cat":"PETROL PUMPS","name":"Sangam petrol pump"}},{"type":"Feature","geometry":{"type":"Point","coordinates":[82.38445272803789,28.07594221525486]},"properties":{"cat":"PETROL PUMPS","name":"GFIC PETROL PUMP"}},{"type":"Feature","geometry":{"type":"Point","coordinates":[82.37806479117529,28.08241305778627]},"properties":{"cat":"PETROL PUMPS","name":"Kalika malika petrol pump"}},{"type":"Feature","geometry":{"type":"Point","coordinates":[82.2734302,28.0648304]},"properties":{"cat":"PETROL PUMPS","name":"अभय आयल सप्लायर्स (पेट्रोल पम्प)"}},{"type":"Feature","geometry":{"type":"Point","coordinates":[82.28516885800514,28.13332494329075]},"properties":{"cat":"PETROL PUMPS","name":"Valley petrol pump"}},{"type":"Feature","geometry":{"type":"Point","coordinates":[82.31300090000003,28.1784416]},"properties":{"cat":"PETROL PUMPS","name":"राणागाउँ पेट्रोल पम्प"}},{"type":"Feature","geometry":{"type":"Point","coordinates":[82.310321,28.15086140000001]},"properties":{"cat":"PETROL PUMPS","name":"हाम्रो पहुँच पेट्रोल पम्प"}},{"type":"Feature","geometry":{"type":"Point","coordinates":[82.26178540000002,28.12670729999997]},"properties":{"cat":"PETROL PUMPS","name":"देब्जा पेट्रोल पम्प"}},{"type":"Feature","geometry":{"type":"Point","coordinates":[82.31037490626362,28.15092051712181]},"properties":{"cat":"PETROL PUMPS","name":"Hamro Pahuch Sarkari petrol pump"}},{"type":"Feature","geometry":{"type":"Point","coordinates":[82.30464351911507,28.12991902770691]},"properties":{"cat":"PETROL PUMPS","name":"Nepal aayal nigam tulsipur depo"}},{"type":"Feature","geometry":{"type":"Point","coordinates":[82.31401470000003,28.1256062]},"properties":{"cat":"PETROL PUMPS","name":"सुर्य पेट्रोल पम्प"}},{"type":"Feature","geometry":{"type":"Point","coordinates":[82.30253496362391,28.13157928759862]},"properties":{"cat":"PETROL PUMPS","name":"Raori byapar sindicate pvt.ltd"}},{"type":"Feature","geometry":{"type":"Point","coordinates":[82.29579280000002,28.12743729999998]},"properties":{"cat":"PETROL PUMPS","name":"संजाद पेट्रोल पम्प"}},{"type":"Feature","geometry":{"type":"Point","coordinates":[82.29603245279472,28.12787391457054]},"properties":{"cat":"PETROL PUMPS","name":"Tulsi bepar sewa (petrol pump)"}},{"type":"Feature","geometry":{"type":"Point","coordinates":[82.34315762784071,28.11346847360667]},"properties":{"cat":"SCHOOLS/COLLAGES/EDU INSTITUTE","name":"Monteshwori"}},{"type":"Feature","geometry":{"type":"Point","coordinates":[82.3162559972533,28.02071709026083]},"properties":{"cat":"SCHOOLS/COLLAGES/EDU INSTITUTE","name":"Monteshwori"}},{"type":"Feature","geometry":{"type":"Point","coordinates":[82.28574951536437,28.10473837283566]},"properties":{"cat":"SCHOOLS/COLLAGES/EDU INSTITUTE","name":"Sissu sehar kendra"}},{"type":"Feature","geometry":{"type":"Point","coordinates":[82.31311805957104,28.14667750367758]},"properties":{"cat":"SCHOOLS/COLLAGES/EDU INSTITUTE","name":"E-Library"}},{"type":"Feature","geometry":{"type":"Point","coordinates":[82.21441649999996,28.1213417]},"properties":{"cat":"A. PRA.BI","name":"रतननाथ प्राथमिक विद्यालय पोटली"}},{"type":"Feature","geometry":{"type":"Point","coordinates":[82.24448391846362,28.14949057938258]},"properties":{"cat":"A. PRA.BI","name":"Shree bal sangini pra.bi"}},{"type":"Feature","geometry":{"type":"Point","coordinates":[82.27284280000003,28.12262570000003]},"properties":{"cat":"A. PRA.BI","name":"शाहिद स्मृति प्राथमिक विद्यालय, टिकरी"}},{"type":"Feature","geometry":{"type":"Point","coordinates":[82.31621649999998,28.02118089999998]},"properties":{"cat":"A. PRA.BI","name":"रात्री प्राथमिक विद्यालय दलजितपुर"}},{"type":"Feature","geometry":{"type":"Point","coordinates":[82.2284329957242,28.13715176364336]},"properties":{"cat":"A. PRA.BI","name":"Bhadrakali bal pra.bi"}},{"type":"Feature","geometry":{"type":"Point","coordinates":[82.2994731,28.1399578]},"properties":{"cat":"A. PRA.BI","name":"जनश्रमिक प्राथमिक विद्यालय"}},{"type":"Feature","geometry":{"type":"Point","coordinates":[82.3245388213874,28.02706458253918]},"properties":{"cat":"A. PRA.BI","name":"Pra bi luwa dabra"}},{"type":"Feature","geometry":{"type":"Point","coordinates":[82.40959412687678,28.12735552452446]},"properties":{"cat":"A. PRA.BI","name":"Malika Pra. bi"}},{"type":"Feature","geometry":{"type":"Point","coordinates":[82.37990329805389,28.10162854172271]},"properties":{"cat":"A. PRA.BI","name":"Netralal pra.bi"}},{"type":"Feature","geometry":{"type":"Point","coordinates":[82.24510270205168,28.03116855060392]},"properties":{"cat":"A. PRA.BI","name":"Bakhariyaa school pra.bi"}},{"type":"Feature","geometry":{"type":"Point","coordinates":[82.37708550000002,28.09714919999996]},"properties":{"cat":"A. PRA.BI","name":"जनता प्रा. वी. बर्लेनी"}},{"type":"Feature","geometry":{"type":"Point","coordinates":[82.32896419999999,28.06655119999998]},"properties":{"cat":"A. PRA.BI","name":"नेत्र ज्योती प्राथमिक विद्यालय भेलाही"}},{"type":"Feature","geometry":{"type":"Point","coordinates":[82.36697784681367,28.10661075195523]},"properties":{"cat":"A. PRA.BI","name":"Subhakoti pra.bi"}},{"type":"Feature","geometry":{"type":"Point","coordinates":[82.31738591534179,28.10544693876776]},"properties":{"cat":"A. PRA.BI","name":"Saraswati pra.BI"}},{"type":"Feature","geometry":{"type":"Point","coordinates":[82.33700179999998,28.0602182]},"properties":{"cat":"A. PRA.BI","name":"महेश्वरी प्राथमिक विद्यालय पहरुवा"}},{"type":"Feature","geometry":{"type":"Point","coordinates":[82.26517011218486,28.07214310915969]},"properties":{"cat":"A. PRA.BI","name":"Janakalyan Pra.bi"}},{"type":"Feature","geometry":{"type":"Point","coordinates":[82.38512279999996,28.0723708]},"properties":{"cat":"A. PRA.BI","name":"जनता प्रा. वी. मज्गै"}},{"type":"Feature","geometry":{"type":"Point","coordinates":[82.30994262496341,28.22221507976106]},"properties":{"cat":"A. PRA.BI","name":"satbas pra.bi"}},{"type":"Feature","geometry":{"type":"Point","coordinates":[82.28534730000001,28.222579]},"properties":{"cat":"A. PRA.BI","name":"प्राथमिक विद्यालय थापापानी"}},{"type":"Feature","geometry":{"type":"Point","coordinates":[82.27574637878045,28.11414338920917]},"properties":{"cat":"A. PRA.BI","name":"Pra.bi raikhalyan"}},{"type":"Feature","geometry":{"type":"Point","coordinates":[82.26424428994271,28.19005413210063]},"properties":{"cat":"A. PRA.BI","name":"Pra.bi Dharapani, damargaun"}},{"type":"Feature","geometry":{"type":"Point","coordinates":[82.25375900173613,28.16406475650491]},"properties":{"cat":"A. PRA.BI","name":"Pra.bi komal gaun"}},{"type":"Feature","geometry":{"type":"Point","coordinates":[82.31976810000005,28.2099876]},"properties":{"cat":"A. PRA.BI","name":"Shree Janata Prathamik Vidyalaya"}},{"type":"Feature","geometry":{"type":"Point","coordinates":[82.25080261623796,28.23294926130573]},"properties":{"cat":"A. PRA.BI","name":"Gaairasuiri Pra.Bi"}},{"type":"Feature","geometry":{"type":"Point","coordinates":[82.25786979669333,28.2193463461585]},"properties":{"cat":"A. PRA.BI","name":"Bal.pra.bi abhidhara"}},{"type":"Feature","geometry":{"type":"Point","coordinates":[82.22337069815885,28.07541722035089]},"properties":{"cat":"A. PRA.BI","name":"शुक्रेश्वरी प्राथमिक विद्यालय"}},{"type":"Feature","geometry":{"type":"Point","coordinates":[82.31639701155216,28.12621585522346]},"properties":{"cat":"A. PRA.BI","name":"Pra.bi motipur schoo"}},{"type":"Feature","geometry":{"type":"Point","coordinates":[82.23108749999999,28.06794149999998]},"properties":{"cat":"A. PRA.BI","name":"प्रा. वि. पिरगाउँ"}},{"type":"Feature","geometry":{"type":"Point","coordinates":[82.38415850000003,28.17597119999999]},"properties":{"cat":"A. PRA.BI","name":"प्राथमिक विद्यालय खुमाखानी"}},{"type":"Feature","geometry":{"type":"Point","coordinates":[82.34000978662131,28.15527367518746]},"properties":{"cat":"A. PRA.BI","name":"Pra.bi Banahari"}},{"type":"Feature","geometry":{"type":"Point","coordinates":[82.33861159999996,28.1961263]},"properties":{"cat":"A. PRA.BI","name":"प्राथमिक विद्यालय मुलकोट"}},{"type":"Feature","geometry":{"type":"Point","coordinates":[82.34281920000002,28.180548]},"properties":{"cat":"A. PRA.BI","name":"जनज्योती प्राथमिक विद्यालय लामीदमार"}},{"type":"Feature","geometry":{"type":"Point","coordinates":[82.31364764892325,28.12491257675934]},"properties":{"cat":"A. PRA.BI","name":"Tulsipur prabidhik sikshayala pra.li"}},{"type":"Feature","geometry":{"type":"Point","coordinates":[82.31125580000001,28.1445283]},"properties":{"cat":"A. PRA.BI","name":"प्राथमिक विद्यालय श्रीगैं मतदान केन्द्र"}},{"type":"Feature","geometry":{"type":"Point","coordinates":[82.3112383,28.1443805]},"properties":{"cat":"A. PRA.BI","name":"प्राथमिक विद्यालय श्रीगैं"}},{"type":"Feature","geometry":{"type":"Point","coordinates":[82.30336340741222,28.14352629154807]},"properties":{"cat":"A. PRA.BI","name":"Pra. bi Dandhapate school"}},{"type":"Feature","geometry":{"type":"Point","coordinates":[82.38671870000003,28.087482]},"properties":{"cat":"A. PRA.BI","name":"श्री बाल कल्याण प्राथमिक बिद्यालय"}},{"type":"Feature","geometry":{"type":"Point","coordinates":[82.23108749999999,28.06794149999998]},"properties":{"cat":"A. PRA.BI","name":"प्रा. वि. पिरगाउँ"}},{"type":"Feature","geometry":{"type":"Point","coordinates":[82.31649779999996,28.12621690000001]},"properties":{"cat":"A. PRA.BI","name":"प्राथमिक विद्यालय मोतीपुर"}},{"type":"Feature","geometry":{"type":"Point","coordinates":[82.40593719999997,28.1526272]},"properties":{"cat":"A. PRA.BI","name":"गणेश प्राथमिक विद्यालय तिनुखोला"}},{"type":"Feature","geometry":{"type":"Point","coordinates":[82.2953377,28.1317942]},"properties":{"cat":"A. PRA.BI","name":"मदरसा फैजाने मुस्तफा प्राथमिक विद्यालय"}},{"type":"Feature","geometry":{"type":"Point","coordinates":[82.29920882996701,28.05904728930795]},"properties":{"cat":"B.AA.BI","name":"Dhamkapur Bal chetana aadharbhut school"}},{"type":"Feature","geometry":{"type":"Point","coordinates":[82.2797699,28.154686]},"properties":{"cat":"B.AA.BI","name":"सरस्वती चौतारा आधारभुत विद्यालय सल्लीबन"}},{"type":"Feature","geometry":{"type":"Point","coordinates":[82.24166300526132,28.06626261368511]},"properties":{"cat":"B.AA.BI","name":"Kataha aa.bi"}},{"type":"Feature","geometry":{"type":"Point","coordinates":[82.24276143921551,28.16317851679759]},"properties":{"cat":"B.AA.BI","name":"Shrijanshil aa.bi"}},{"type":"Feature","geometry":{"type":"Point","coordinates":[82.32875387097226,28.04093897701543]},"properties":{"cat":"B.AA.BI","name":"aadharbhut vidhyalaya kothari"}},{"type":"Feature","geometry":{"type":"Point","coordinates":[82.23958898651118,28.06322111561494]},"properties":{"cat":"B.AA.BI","name":"AA. bi kataha"}},{"type":"Feature","geometry":{"type":"Point","coordinates":[82.25089523781291,28.17072134445285]},"properties":{"cat":"B.AA.BI","name":"Shree shrijanshil aa.bI"}},{"type":"Feature","geometry":{"type":"Point","coordinates":[82.2971852778719,28.12502103257504]},"properties":{"cat":"B.AA.BI","name":"Shree MAA.BI centre, tulsipur"}},{"type":"Feature","geometry":{"type":"Point","coordinates":[82.3368658,28.1801806]},"properties":{"cat":"B.AA.BI","name":"Deepjyoti Aadharbhut Vidyalaya, Ghorneti"}},{"type":"Feature","geometry":{"type":"Point","coordinates":[82.28976090000005,28.12757549999999]},"properties":{"cat":"B.AA.BI","name":"ज्ञान ज्योती आधारभूत विद्यालय"}},{"type":"Feature","geometry":{"type":"Point","coordinates":[82.29522823479219,28.12156494532227]},"properties":{"cat":"C.  BOARDING SCHOOL","name":"shree rapti vidya mandir"}},{"type":"Feature","geometry":{"type":"Point","coordinates":[82.33554670086164,28.10667601158271]},"properties":{"cat":"C.  BOARDING SCHOOL","name":"Little flower english boarding school"}},{"type":"Feature","geometry":{"type":"Point","coordinates":[82.23985835137043,28.12217474757749]},"properties":{"cat":"C.  BOARDING SCHOOL","name":"Janapriya englsih boarding school"}},{"type":"Feature","geometry":{"type":"Point","coordinates":[82.30033550000002,28.14304909999998]},"properties":{"cat":"C.  BOARDING SCHOOL","name":"सारदा सिस्ने अङ्ग्रेजी बोर्डिङ स्कुल"}},{"type":"Feature","geometry":{"type":"Point","coordinates":[82.3343258,28.1127999]},"properties":{"cat":"C.  BOARDING SCHOOL","name":"सृजना बाल बाटिका ईंग्लिस बोर्डिङ् स्कुल"}},{"type":"Feature","geometry":{"type":"Point","coordinates":[82.29661484960062,28.13441775373283]},"properties":{"cat":"C.  BOARDING SCHOOL","name":"Tulsi Higher sec boarding school"}},{"type":"Feature","geometry":{"type":"Point","coordinates":[82.35702815688823,28.10343788913006]},"properties":{"cat":"C.  BOARDING SCHOOL","name":"New laxmi baording school"}},{"type":"Feature","geometry":{"type":"Point","coordinates":[82.31073965100117,28.02971120461045]},"properties":{"cat":"C.  BOARDING SCHOOL","name":"Matera School"}},{"type":"Feature","geometry":{"type":"Point","coordinates":[82.36570863445355,28.08775957650054]},"properties":{"cat":"C.  BOARDING SCHOOL","name":"fourty nine hseb school"}},{"type":"Feature","geometry":{"type":"Point","coordinates":[82.24412451974908,28.15159384290492]},"properties":{"cat":"C.  BOARDING SCHOOL","name":"Shree Chandrajyoti Boarding School"}},{"type":"Feature","geometry":{"type":"Point","coordinates":[82.27228639999997,28.0091764]},"properties":{"cat":"C.  BOARDING SCHOOL","name":"न्यु मिनि भ्याली अंग्रेजी बोर्डिङ् स्कुल"}},{"type":"Feature","geometry":{"type":"Point","coordinates":[82.31150970404352,28.07596190146903]},"properties":{"cat":"C.  BOARDING SCHOOL","name":"Shree Deep Sec school"}},{"type":"Feature","geometry":{"type":"Point","coordinates":[82.33912865051897,28.09635540723238]},"properties":{"cat":"C.  BOARDING SCHOOL","name":"Dipendra sec school"}},{"type":"Feature","geometry":{"type":"Point","coordinates":[82.3436997839702,28.11615311171562]},"properties":{"cat":"C.  BOARDING SCHOOL","name":"Amrit sec school"}},{"type":"Feature","geometry":{"type":"Point","coordinates":[82.3272698,28.06045940000001]},"properties":{"cat":"C.  BOARDING SCHOOL","name":"यभ्रेस्ट अंग्रेजी बोडिङ्ग स्कुल"}},{"type":"Feature","geometry":{"type":"Point","coordinates":[82.33792044264412,28.1120430102813]},"properties":{"cat":"C.  BOARDING SCHOOL","name":"न्यु स्टार ईंग्लिस् बोर्डिङ् स्कुल"}},{"type":"Feature","geometry":{"type":"Point","coordinates":[82.23415669354125,28.01963942935428]},"properties":{"cat":"C.  BOARDING SCHOOL","name":"Gorkha boarding school"}},{"type":"Feature","geometry":{"type":"Point","coordinates":[82.26089129453572,28.13774706514891]},"properties":{"cat":"C.  BOARDING SCHOOL","name":"Ratashila baording school"}},{"type":"Feature","geometry":{"type":"Point","coordinates":[82.27422094027979,28.13356422179617]},"properties":{"cat":"C.  BOARDING SCHOOL","name":"Jeevan jyoti english boarding svhool"}},{"type":"Feature","geometry":{"type":"Point","coordinates":[82.29498127832728,28.05637224970106]},"properties":{"cat":"C.  BOARDING SCHOOL","name":"Muna eng boarding school"}},{"type":"Feature","geometry":{"type":"Point","coordinates":[82.284361618327,28.13303640311454]},"properties":{"cat":"C.  BOARDING SCHOOL","name":"Shanti deep boarding school"}},{"type":"Feature","geometry":{"type":"Point","coordinates":[82.30693513761204,28.17835328376851]},"properties":{"cat":"C.  BOARDING SCHOOL","name":"Shree Bhagawati primary school"}},{"type":"Feature","geometry":{"type":"Point","coordinates":[82.25880804640462,28.14038915573062]},"properties":{"cat":"C.  BOARDING SCHOOL","name":"Sisu niketan boarding school"}},{"type":"Feature","geometry":{"type":"Point","coordinates":[82.22933718580923,28.08279888354588]},"properties":{"cat":"C.  BOARDING SCHOOL","name":"Dangisaran vidyasaran school"}},{"type":"Feature","geometry":{"type":"Point","coordinates":[82.2813989679168,28.12585823459705]},"properties":{"cat":"C.  BOARDING SCHOOL","name":"Happy home english medium school"}},{"type":"Feature","geometry":{"type":"Point","coordinates":[82.29356728691859,28.13757245463239]},"properties":{"cat":"C.  BOARDING SCHOOL","name":"tulsipur sports academy"}},{"type":"Feature","geometry":{"type":"Point","coordinates":[82.28699841259694,28.12890258819414]},"properties":{"cat":"C.  BOARDING SCHOOL","name":"Tulsi boarding school"}},{"type":"Feature","geometry":{"type":"Point","coordinates":[82.28938880197812,28.13782428621527]},"properties":{"cat":"C.  BOARDING SCHOOL","name":"Saptarangi english medium school"}},{"type":"Feature","geometry":{"type":"Point","coordinates":[82.28986235148338,28.1384204300762]},"properties":{"cat":"C.  BOARDING SCHOOL","name":"success academy"}},{"type":"Feature","geometry":{"type":"Point","coordinates":[82.29014852985077,28.13974756368053]},"properties":{"cat":"C.  BOARDING SCHOOL","name":"Sagarmatha boarding englsih school"}},{"type":"Feature","geometry":{"type":"Point","coordinates":[82.28779422625765,28.13462470698241]},"properties":{"cat":"C.  BOARDING SCHOOL","name":"Parijat boarding school"}},{"type":"Feature","geometry":{"type":"Point","coordinates":[82.29388621633899,28.13716941683709]},"properties":{"cat":"C.  BOARDING SCHOOL","name":"Jeevan premi boarding school"}},{"type":"Feature","geometry":{"type":"Point","coordinates":[82.30917509666916,28.14739608437619]},"properties":{"cat":"C.  BOARDING SCHOOL","name":"Tri dev sec school"}},{"type":"Feature","geometry":{"type":"Point","coordinates":[82.33295043836749,28.12887572951715]},"properties":{"cat":"C.  BOARDING SCHOOL","name":"Gyan Jyoti Sec school"}},{"type":"Feature","geometry":{"type":"Point","coordinates":[82.252706004426,28.15966137116349]},"properties":{"cat":"C.  BOARDING SCHOOL","name":"Gyan Jyoti Sec. school"}},{"type":"Feature","geometry":{"type":"Point","coordinates":[82.29971037084819,28.13087463471537]},"properties":{"cat":"C.  BOARDING SCHOOL","name":"Gyan Jyoti Sec School"}},{"type":"Feature","geometry":{"type":"Point","coordinates":[82.30161519929389,28.12877656250016]},"properties":{"cat":"C.  BOARDING SCHOOL","name":"Gyan jyoti sec school"}},{"type":"Feature","geometry":{"type":"Point","coordinates":[82.28629784428549,28.11643088645446]},"properties":{"cat":"C.  BOARDING SCHOOL","name":"Gyan jyoti eng med school"}},{"type":"Feature","geometry":{"type":"Point","coordinates":[82.30641330000002,28.11919670000001]},"properties":{"cat":"C.  BOARDING SCHOOL","name":"राप्ती बाल एकाडेमी"}},{"type":"Feature","geometry":{"type":"Point","coordinates":[82.29867611650309,28.12856124239072]},"properties":{"cat":"C.  BOARDING SCHOOL","name":"Dang vallet boarding school"}},{"type":"Feature","geometry":{"type":"Point","coordinates":[82.30144608482546,28.13119443593912]},"properties":{"cat":"C.  BOARDING SCHOOL","name":"Lakshay academy sec boarding school"}},{"type":"Feature","geometry":{"type":"Point","coordinates":[82.29561913213283,28.12545813905986]},"properties":{"cat":"C.  BOARDING SCHOOL","name":"Ideal english medium sec boarding"}},{"type":"Feature","geometry":{"type":"Point","coordinates":[82.29700870923153,28.11966198892802]},"properties":{"cat":"C.  BOARDING SCHOOL","name":"Gorkha residency school"}},{"type":"Feature","geometry":{"type":"Point","coordinates":[82.28971569121828,28.12009168805914]},"properties":{"cat":"C.  BOARDING SCHOOL","name":"Himal Academy"}},{"type":"Feature","geometry":{"type":"Point","coordinates":[82.3047810164499,28.16195142403397]},"properties":{"cat":"C.  BOARDING SCHOOL","name":"United academy"}},{"type":"Feature","geometry":{"type":"Point","coordinates":[82.28827702389526,28.11394367473024]},"properties":{"cat":"C.  BOARDING SCHOOL","name":"Gurukul Academy"}},{"type":"Feature","geometry":{"type":"Point","coordinates":[82.25788377949016,28.05474895237011]},"properties":{"cat":"C.  BOARDING SCHOOL","name":"Aamar hsschool"}},{"type":"Feature","geometry":{"type":"Point","coordinates":[82.2616778755097,28.05735250355725]},"properties":{"cat":"C.  BOARDING SCHOOL","name":"Chandradhaya HSS"}},{"type":"Feature","geometry":{"type":"Point","coordinates":[82.30357256817645,28.13740275029668]},"properties":{"cat":"C.  BOARDING SCHOOL","name":"Sisne sec school"}},{"type":"Feature","geometry":{"type":"Point","coordinates":[82.32300054169559,28.1251394301623]},"properties":{"cat":"C.  BOARDING SCHOOL","name":"Amar Enshish Boarding School"}},{"type":"Feature","geometry":{"type":"Point","coordinates":[82.29866027404822,28.12725862370082]},"properties":{"cat":"C.  BOARDING SCHOOL","name":"Gorkha sec school"}},{"type":"Feature","geometry":{"type":"Point","coordinates":[82.31120755893492,28.14434765258884]},"properties":{"cat":"C.  BOARDING SCHOOL","name":"shree prathamik vidhyalaya shringe (monteshwori)"}},{"type":"Feature","geometry":{"type":"Point","coordinates":[82.31017400064006,28.14803734328576]},"properties":{"cat":"C.  BOARDING SCHOOL","name":"Marigold Sec School"}},{"type":"Feature","geometry":{"type":"Point","coordinates":[82.29516034938788,28.12463051646532]},"properties":{"cat":"C.  BOARDING SCHOOL","name":"Great araniko sec school"}},{"type":"Feature","geometry":{"type":"Point","coordinates":[82.28147949999997,28.1187165]},"properties":{"cat":"C.  BOARDING SCHOOL","name":"डिभाइन टेम्पल एकेडेमी"}},{"type":"Feature","geometry":{"type":"Point","coordinates":[82.30765554059523,28.12587842703761]},"properties":{"cat":"C.  BOARDING SCHOOL","name":"Shikha english boarding school"}},{"type":"Feature","geometry":{"type":"Point","coordinates":[82.3721248,28.086332]},"properties":{"cat":"C.  BOARDING SCHOOL","name":"बाल अमृत बोर्डिङ् स्कुल"}},{"type":"Feature","geometry":{"type":"Point","coordinates":[82.28521852248267,28.11894968972891]},"properties":{"cat":"C.  BOARDING SCHOOL","name":"Adarsha Academy (EMS)"}},{"type":"Feature","geometry":{"type":"Point","coordinates":[82.299512,28.12872269999998]},"properties":{"cat":"C.  BOARDING SCHOOL","name":"पिस पाइनर अङ्?ग्रेजी बोर्डिङ् स्कुल"}},{"type":"Feature","geometry":{"type":"Point","coordinates":[82.3032989,28.13779930000003]},"properties":{"cat":"C.  BOARDING SCHOOL","name":"तुलसीपुर एकाडेमी"}},{"type":"Feature","geometry":{"type":"Point","coordinates":[82.29290766296465,28.12711942826914]},"properties":{"cat":"C.  BOARDING SCHOOL","name":"Saraswati eng medium school"}},{"type":"Feature","geometry":{"type":"Point","coordinates":[82.28425830000003,28.13297209999998]},"properties":{"cat":"C.  BOARDING SCHOOL","name":"शान्ति दीप बोर्डिङ स्कुल"}},{"type":"Feature","geometry":{"type":"Point","coordinates":[82.3322095,28.1270728]},"properties":{"cat":"C.  BOARDING SCHOOL","name":"ज्ञान ज्योति पब्लिक स्कुल"}},{"type":"Feature","geometry":{"type":"Point","coordinates":[82.2948235,28.1305015]},"properties":{"cat":"C.  BOARDING SCHOOL","name":"लिटिल हेभन अङ्?ग्रेजी स्कुल"}},{"type":"Feature","geometry":{"type":"Point","coordinates":[82.29393840000002,28.1316629]},"properties":{"cat":"C.  BOARDING SCHOOL","name":"फातिमा अङ्?ग्रेजी बोर्डिङ् स्कुल"}},{"type":"Feature","geometry":{"type":"Point","coordinates":[82.34512368846906,28.15023078185436]},"properties":{"cat":"C.  BOARDING SCHOOL","name":"Balsahara English school"}},{"type":"Feature","geometry":{"type":"Point","coordinates":[82.30425053753326,28.13405114522267]},"properties":{"cat":"C.  BOARDING SCHOOL","name":"Divya kunja Sec school"}},{"type":"Feature","geometry":{"type":"Point","coordinates":[82.27410350000004,28.13346290000002]},"properties":{"cat":"C.  BOARDING SCHOOL","name":"जीवन ज्योती अङ्ग्रेजी बोर्डिङ् स्कुल"}},{"type":"Feature","geometry":{"type":"Point","coordinates":[82.35885078672217,28.09628762010686]},"properties":{"cat":"UNIVERSITY","name":"Sanskrit Bishyo vidhyalaya"}},{"type":"Feature","geometry":{"type":"Point","coordinates":[82.29720782281035,28.12742043853047]},"properties":{"cat":"UNIVERSITY","name":"Brahma kumaries spritual university"}},{"type":"Feature","geometry":{"type":"Point","coordinates":[82.33826511575086,28.11599983593727]},"properties":{"cat":"E. COLLAGES","name":"Janata Campus"}},{"type":"Feature","geometry":{"type":"Point","coordinates":[82.25278570000002,28.08919739999999]},"properties":{"cat":"E. COLLAGES","name":"मोडर्न टेक्निकल फ्युचर"}},{"type":"Feature","geometry":{"type":"Point","coordinates":[82.30101270000002,28.11718239999997]},"properties":{"cat":"E. COLLAGES","name":"Rapti babai campus"}},{"type":"Feature","geometry":{"type":"Point","coordinates":[82.31515857804192,28.12634509826861]},"properties":{"cat":"E. COLLAGES","name":"Rapti lifecare collage"}},{"type":"Feature","geometry":{"type":"Point","coordinates":[82.2785202821683,28.07181772878881]},"properties":{"cat":"E. COLLAGES","name":"Tulsipur metro collage"}},{"type":"Feature","geometry":{"type":"Point","coordinates":[82.3040243,28.132652]},"properties":{"cat":"E. COLLAGES","name":"संस्कार पाठशाला"}},{"type":"Feature","geometry":{"type":"Point","coordinates":[82.3461711,28.16171570000002]},"properties":{"cat":"E. COLLAGES","name":"Janashram Technical College"}},{"type":"Feature","geometry":{"type":"Point","coordinates":[82.29379163977708,28.1232660447478]},"properties":{"cat":"E. COLLAGES","name":"Dang technical institute pvt.ltd"}},{"type":"Feature","geometry":{"type":"Point","coordinates":[82.29748159999997,28.1414431]},"properties":{"cat":"E. COLLAGES","name":"साधना पाठशाला"}},{"type":"Feature","geometry":{"type":"Point","coordinates":[82.29044480939302,28.12053293387918]},"properties":{"cat":"E. COLLAGES","name":"Western nepal collage"}},{"type":"Feature","geometry":{"type":"Point","coordinates":[82.29413177002976,28.12296257574587]},"properties":{"cat":"E. COLLAGES","name":"Shanti deep prabidhik shikshalaya"}},{"type":"Feature","geometry":{"type":"Point","coordinates":[82.276091,28.0707544]},"properties":{"cat":"E. COLLAGES","name":"मेट्रो कलेज"}},{"type":"Feature","geometry":{"type":"Point","coordinates":[82.3231343,28.12497350000001]},"properties":{"cat":"F. MAA.BI","name":"अमर माध्यामिक विद्यालय"}},{"type":"Feature","geometry":{"type":"Point","coordinates":[82.3062015,28.13265750000001]},"properties":{"cat":"F. MAA.BI","name":"हाम्रो पहुँच माध्यमिक विद्यालय"}},{"type":"Feature","geometry":{"type":"Point","coordinates":[82.34188076391796,28.13585700657641]},"properties":{"cat":"F. MAA.BI","name":"Kalakhola Maa. BI"}},{"type":"Feature","geometry":{"type":"Point","coordinates":[82.3243493,28.12521470000002]},"properties":{"cat":"F. MAA.BI","name":"माध्यामिक विद्यालय कालाखोला"}},{"type":"Feature","geometry":{"type":"Point","coordinates":[82.32421932415373,28.12499221875815]},"properties":{"cat":"F. MAA.BI","name":"MAA.BI Kalakhola school"}},{"type":"Feature","geometry":{"type":"Point","coordinates":[82.2372791837217,28.08349160787]},"properties":{"cat":"F. MAA.BI","name":"MAA.BI NAWALPUR"}},{"type":"Feature","geometry":{"type":"Point","coordinates":[82.34757719999998,28.0995236]},"properties":{"cat":"F. MAA.BI","name":"शाहिद स्मृति माध्यमिक विद्यालय"}},{"type":"Feature","geometry":{"type":"Point","coordinates":[82.30226051173257,28.03687072350313]},"properties":{"cat":"F. MAA.BI","name":"Bal Mitra High School"}},{"type":"Feature","geometry":{"type":"Point","coordinates":[82.31686589999997,28.0536418]},"properties":{"cat":"F. MAA.BI","name":"बाल कल्याण मा. वि."}},{"type":"Feature","geometry":{"type":"Point","coordinates":[82.3369073,28.113866]},"properties":{"cat":"F. MAA.BI","name":"जनता संस्कृत माध्यामिक विद्यालय बिजौरी"}},{"type":"Feature","geometry":{"type":"Point","coordinates":[82.36995133845795,28.15248078470016]},"properties":{"cat":"F. MAA.BI","name":"Nawajagaran MAA.BI"}},{"type":"Feature","geometry":{"type":"Point","coordinates":[82.37384680000004,28.08418690000001]},"properties":{"cat":"F. MAA.BI","name":"Janakalyan MAA. BI"}},{"type":"Feature","geometry":{"type":"Point","coordinates":[82.23985170000005,28.1209709]},"properties":{"cat":"F. MAA.BI","name":"बालापुर मा.वि. मतदान केन्द्र"}},{"type":"Feature","geometry":{"type":"Point","coordinates":[82.29337379999998,28.0975378]},"properties":{"cat":"F. MAA.BI","name":"जनमुखी मा. वि. टरिगाउँ"}},{"type":"Feature","geometry":{"type":"Point","coordinates":[82.27629361632047,28.07307645365388]},"properties":{"cat":"F. MAA.BI","name":"Pashupati high school"}},{"type":"Feature","geometry":{"type":"Point","coordinates":[82.30207889999998,28.03690770000002]},"properties":{"cat":"F. MAA.BI","name":"बाल मितेरी मा.वि. मतदान केन्द्र"}},{"type":"Feature","geometry":{"type":"Point","coordinates":[82.38482594528975,28.12140623244922]},"properties":{"cat":"F. MAA.BI","name":"MAA. BI Bhitri sangram"}},{"type":"Feature","geometry":{"type":"Point","coordinates":[82.316853955731,28.05351963481395]},"properties":{"cat":"F. MAA.BI","name":"Bal kalyan maa.bi"}},{"type":"Feature","geometry":{"type":"Point","coordinates":[82.30855224955992,28.07684298909808]},"properties":{"cat":"F. MAA.BI","name":"Laxmi maa.bi"}},{"type":"Feature","geometry":{"type":"Point","coordinates":[82.24462001754813,28.01716426263684]},"properties":{"cat":"F. MAA.BI","name":"Ambeshwori maa.bi schhool"}},{"type":"Feature","geometry":{"type":"Point","coordinates":[82.28156137319762,28.00888217689645]},"properties":{"cat":"F. MAA.BI","name":"Janajyoti maa.bi school"}},{"type":"Feature","geometry":{"type":"Point","coordinates":[82.29975203938723,28.11635942577089]},"properties":{"cat":"F. MAA.BI","name":"Mahendra HSS"}},{"type":"Feature","geometry":{"type":"Point","coordinates":[82.28373599131706,28.12588734676148]},"properties":{"cat":"F. MAA.BI","name":"MAA.BI dhore"}},{"type":"Feature","geometry":{"type":"Point","coordinates":[82.32196486127087,28.12475275233487]},"properties":{"cat":"A. GHAT","name":"Ranighat sabgriha"}},{"type":"Feature","geometry":{"type":"Point","coordinates":[82.31930566702887,28.03950825829347]},"properties":{"cat":"A. GHAT","name":"Ghat"}},{"type":"Feature","geometry":{"type":"Point","coordinates":[82.32211829171366,28.12467356147531]},"properties":{"cat":"A. GHAT","name":"Rani Ghat"}},{"type":"Feature","geometry":{"type":"Point","coordinates":[82.30391343284134,28.15159764700032]},"properties":{"cat":"A. GHAT","name":"Puspa anjali sabda griha"}},{"type":"Feature","geometry":{"type":"Point","coordinates":[82.3105276403829,28.16805017630276]},"properties":{"cat":"A. GHAT","name":"Gothikhola sabda ghat"}},{"type":"Feature","geometry":{"type":"Point","coordinates":[82.31290838656055,28.18606626510478]},"properties":{"cat":"A. GHAT","name":"laurekhola satighat"}},{"type":"Feature","geometry":{"type":"Point","coordinates":[82.35245903531082,28.13873458926535]},"properties":{"cat":"A. GHAT","name":"subdagriha"}},{"type":"Feature","geometry":{"type":"Point","coordinates":[82.30256817153241,28.17846768605233]},"properties":{"cat":"A. GHAT","name":"Dhramshala khola ghat"}},{"type":"Feature","geometry":{"type":"Point","coordinates":[82.29585916049506,28.11343583082135]},"properties":{"cat":"A. GHAT","name":"Muslim ghat"}},{"type":"Feature","geometry":{"type":"Point","coordinates":[82.3068239027283,28.1824584805061]},"properties":{"cat":"A. GHAT","name":"Samjhana samudayik ban shabha hall"}},{"type":"Feature","geometry":{"type":"Point","coordinates":[82.33472620414807,28.13589626784865]},"properties":{"cat":"A. GHAT","name":"Betnya Ghat"}},{"type":"Feature","geometry":{"type":"Point","coordinates":[82.3030215508256,28.03537613311109]},"properties":{"cat":"A. GHAT","name":"sabdha griha"}},{"type":"Feature","geometry":{"type":"Point","coordinates":[82.29511304964704,28.09141749254444]},"properties":{"cat":"A. GHAT","name":"Jamalpuruwa ghat"}},{"type":"Feature","geometry":{"type":"Point","coordinates":[82.35380045303017,28.14667346072141]},"properties":{"cat":"A. GHAT","name":"Subdagriha"}},{"type":"Feature","geometry":{"type":"Point","coordinates":[82.26983020645534,28.13880280702499]},"properties":{"cat":"A. GHAT","name":"sabdagriha"}},{"type":"Feature","geometry":{"type":"Point","coordinates":[82.21985985208553,28.0629364935473]},"properties":{"cat":"A. GHAT","name":"Sabdagriga-aryaghat"}},{"type":"Feature","geometry":{"type":"Point","coordinates":[82.25392485228217,28.04146620573115]},"properties":{"cat":"A. GHAT","name":"sitalpur ghat (sabdagriha)"}},{"type":"Feature","geometry":{"type":"Point","coordinates":[82.28474235812062,28.14232060633261]},"properties":{"cat":"A. GHAT","name":"angerakhola masan ghat"}},{"type":"Feature","geometry":{"type":"Point","coordinates":[82.28550567353395,28.16867455804674]},"properties":{"cat":"A. GHAT","name":"Tribeni masan ghat"}},{"type":"Feature","geometry":{"type":"Point","coordinates":[82.2946760547444,28.17437198901218]},"properties":{"cat":"A. GHAT","name":"Bismure masan ghat"}},{"type":"Feature","geometry":{"type":"Point","coordinates":[82.34575572155387,28.02028736483345]},"properties":{"cat":"B. TEMPLES/CHURCH/MASGID","name":"Jitpur bhaiarthan"}},{"type":"Feature","geometry":{"type":"Point","coordinates":[82.23946186499722,28.04652141557328]},"properties":{"cat":"B. TEMPLES/CHURCH/MASGID","name":"Bhuyarthan"}},{"type":"Feature","geometry":{"type":"Point","coordinates":[82.30066503449541,28.07923588306034]},"properties":{"cat":"B. TEMPLES/CHURCH/MASGID","name":"tri netreshwor mandir"}},{"type":"Feature","geometry":{"type":"Point","coordinates":[82.3838329981286,28.13242440950072]},"properties":{"cat":"B. TEMPLES/CHURCH/MASGID","name":"Gaurakhoti"}},{"type":"Feature","geometry":{"type":"Point","coordinates":[82.35794774781745,28.10701222032778]},"properties":{"cat":"B. TEMPLES/CHURCH/MASGID","name":"Bishombernath mandir"}},{"type":"Feature","geometry":{"type":"Point","coordinates":[82.29595099851478,28.13600678291893]},"properties":{"cat":"B. TEMPLES/CHURCH/MASGID","name":"gUMBA-MAGAR"}},{"type":"Feature","geometry":{"type":"Point","coordinates":[82.24949452983724,28.14172810110863]},"properties":{"cat":"B. TEMPLES/CHURCH/MASGID","name":"Shiva mandir"}},{"type":"Feature","geometry":{"type":"Point","coordinates":[82.40109027787605,28.14899340932289]},"properties":{"cat":"B. TEMPLES/CHURCH/MASGID","name":"Malika mandir"}},{"type":"Feature","geometry":{"type":"Point","coordinates":[82.25176055499514,28.14701162202461]},"properties":{"cat":"B. TEMPLES/CHURCH/MASGID","name":"Bhuwanishwori mandir"}},{"type":"Feature","geometry":{"type":"Point","coordinates":[82.24745596300576,28.13480353411874]},"properties":{"cat":"B. TEMPLES/CHURCH/MASGID","name":"Takiyapur shiva mandir"}},{"type":"Feature","geometry":{"type":"Point","coordinates":[82.37074339714836,28.15210050965464]},"properties":{"cat":"B. TEMPLES/CHURCH/MASGID","name":"Shiva mandir"}},{"type":"Feature","geometry":{"type":"Point","coordinates":[82.30087106766449,28.13636168385183]},"properties":{"cat":"B. TEMPLES/CHURCH/MASGID","name":"Bhaiarthan-chaudhary"}},{"type":"Feature","geometry":{"type":"Point","coordinates":[82.39700333500592,28.15430960336265]},"properties":{"cat":"B. TEMPLES/CHURCH/MASGID","name":"Kalika Mandir"}},{"type":"Feature","geometry":{"type":"Point","coordinates":[82.35180000260631,28.12022767091876]},"properties":{"cat":"B. TEMPLES/CHURCH/MASGID","name":"Ratan nath mandir"}},{"type":"Feature","geometry":{"type":"Point","coordinates":[82.33470424725675,28.10934718655588]},"properties":{"cat":"B. TEMPLES/CHURCH/MASGID","name":"Sudaya rameshwor mandir"}},{"type":"Feature","geometry":{"type":"Point","coordinates":[82.33961608084107,28.08722299192184]},"properties":{"cat":"B. TEMPLES/CHURCH/MASGID","name":"Bal Bhairab Mandir"}},{"type":"Feature","geometry":{"type":"Point","coordinates":[82.2975882,28.1409465]},"properties":{"cat":"B. TEMPLES/CHURCH/MASGID","name":"शिव मन्दिर"}},{"type":"Feature","geometry":{"type":"Point","coordinates":[82.29724629999997,28.133752]},"properties":{"cat":"B. TEMPLES/CHURCH/MASGID","name":"हनुमान मन्दिर"}},{"type":"Feature","geometry":{"type":"Point","coordinates":[82.3498088,28.10422129999999]},"properties":{"cat":"B. TEMPLES/CHURCH/MASGID","name":"खप्तडी बस्?नेत देवस्थल"}},{"type":"Feature","geometry":{"type":"Point","coordinates":[82.30126350000002,28.1408997]},"properties":{"cat":"B. TEMPLES/CHURCH/MASGID","name":"शिवनगर शिव मन्दिर"}},{"type":"Feature","geometry":{"type":"Point","coordinates":[82.37328857309082,28.08868771248635]},"properties":{"cat":"B. TEMPLES/CHURCH/MASGID","name":"Bhuiarthan"}},{"type":"Feature","geometry":{"type":"Point","coordinates":[82.36297907648165,28.08574093926954]},"properties":{"cat":"B. TEMPLES/CHURCH/MASGID","name":"church"}},{"type":"Feature","geometry":{"type":"Point","coordinates":[82.36688675525657,28.10802299166817]},"properties":{"cat":"B. TEMPLES/CHURCH/MASGID","name":"manikapur bhuiarthan"}},{"type":"Feature","geometry":{"type":"Point","coordinates":[82.3389901,28.084304]},"properties":{"cat":"B. TEMPLES/CHURCH/MASGID","name":"शिव मन्दिर जिनुवागाउं"}},{"type":"Feature","geometry":{"type":"Point","coordinates":[82.32120394943857,28.10578849122362]},"properties":{"cat":"B. TEMPLES/CHURCH/MASGID","name":"Historical Simal tree"}},{"type":"Feature","geometry":{"type":"Point","coordinates":[82.36080652397331,28.09504772871419]},"properties":{"cat":"B. TEMPLES/CHURCH/MASGID","name":"Beljhundi shiva mandir"}},{"type":"Feature","geometry":{"type":"Point","coordinates":[82.33914958465162,28.09662107813124]},"properties":{"cat":"B. TEMPLES/CHURCH/MASGID","name":"Shiva Mandir"}},{"type":"Feature","geometry":{"type":"Point","coordinates":[82.30932569609524,28.07197232587789]},"properties":{"cat":"B. TEMPLES/CHURCH/MASGID","name":"bhaiar than"}},{"type":"Feature","geometry":{"type":"Point","coordinates":[82.38595818870955,28.07234717376907]},"properties":{"cat":"B. TEMPLES/CHURCH/MASGID","name":"Bhagawati mandir"}},{"type":"Feature","geometry":{"type":"Point","coordinates":[82.31535522163202,28.02570809078434]},"properties":{"cat":"B. TEMPLES/CHURCH/MASGID","name":"A.G Church"}},{"type":"Feature","geometry":{"type":"Point","coordinates":[82.29775479298297,28.06936300652264]},"properties":{"cat":"B. TEMPLES/CHURCH/MASGID","name":"Netreshwor Temple"}},{"type":"Feature","geometry":{"type":"Point","coordinates":[82.31596404212672,28.02082169701324]},"properties":{"cat":"B. TEMPLES/CHURCH/MASGID","name":"Bhuyarthan"}},{"type":"Feature","geometry":{"type":"Point","coordinates":[82.30923006012536,28.07186356805249]},"properties":{"cat":"B. TEMPLES/CHURCH/MASGID","name":"Ratan nath mandir"}},{"type":"Feature","geometry":{"type":"Point","coordinates":[82.34282738806961,28.07827646823941]},"properties":{"cat":"B. TEMPLES/CHURCH/MASGID","name":"Shiva Mandir"}},{"type":"Feature","geometry":{"type":"Point","coordinates":[82.34535870218718,28.00971208026143]},"properties":{"cat":"B. TEMPLES/CHURCH/MASGID","name":"Mahadev temple"}},{"type":"Feature","geometry":{"type":"Point","coordinates":[82.30870414684782,28.04775702950754]},"properties":{"cat":"B. TEMPLES/CHURCH/MASGID","name":"Shiva batika mandir"}},{"type":"Feature","geometry":{"type":"Point","coordinates":[82.25698633703671,28.13338298709186]},"properties":{"cat":"B. TEMPLES/CHURCH/MASGID","name":"Shiva maya mandir"}},{"type":"Feature","geometry":{"type":"Point","coordinates":[82.2870359279192,28.03651436972645]},"properties":{"cat":"B. TEMPLES/CHURCH/MASGID","name":"शिव मन्दिर भोजपुर"}},{"type":"Feature","geometry":{"type":"Point","coordinates":[82.25445791199157,28.01718449502107]},"properties":{"cat":"B. TEMPLES/CHURCH/MASGID","name":"gidhanyia bhaiarthan"}},{"type":"Feature","geometry":{"type":"Point","coordinates":[82.3245389081531,28.04309283372053]},"properties":{"cat":"B. TEMPLES/CHURCH/MASGID","name":"Shiva mandir"}},{"type":"Feature","geometry":{"type":"Point","coordinates":[82.2770154862099,28.01099093404958]},"properties":{"cat":"B. TEMPLES/CHURCH/MASGID","name":"Oli bansha kulpooja and shiva mandir"}},{"type":"Feature","geometry":{"type":"Point","coordinates":[82.25748901594717,28.13841365085051]},"properties":{"cat":"B. TEMPLES/CHURCH/MASGID","name":"Annapurnatol mandir"}},{"type":"Feature","geometry":{"type":"Point","coordinates":[82.33832776880323,28.14280550478823]},"properties":{"cat":"B. TEMPLES/CHURCH/MASGID","name":"Nageshwor mandir"}},{"type":"Feature","geometry":{"type":"Point","coordinates":[82.2454281408996,28.01292345731651]},"properties":{"cat":"B. TEMPLES/CHURCH/MASGID","name":"Madan baba ashram"}},{"type":"Feature","geometry":{"type":"Point","coordinates":[82.31542252033258,28.14212296379035]},"properties":{"cat":"B. TEMPLES/CHURCH/MASGID","name":"Shree Ramjanaki Temple"}},{"type":"Feature","geometry":{"type":"Point","coordinates":[82.2644765871272,28.13928708689515]},"properties":{"cat":"B. TEMPLES/CHURCH/MASGID","name":"Kul mandir-basnet"}},{"type":"Feature","geometry":{"type":"Point","coordinates":[82.24311843253938,28.01822240787489]},"properties":{"cat":"B. TEMPLES/CHURCH/MASGID","name":"Ambikeshwori temple"}},{"type":"Feature","geometry":{"type":"Point","coordinates":[82.27997419943782,28.00827116010791]},"properties":{"cat":"B. TEMPLES/CHURCH/MASGID","name":"Koteshwor temple"}},{"type":"Feature","geometry":{"type":"Point","coordinates":[82.2421347216144,28.04131343000204]},"properties":{"cat":"B. TEMPLES/CHURCH/MASGID","name":"Radha krishna temple"}},{"type":"Feature","geometry":{"type":"Point","coordinates":[82.32514452595562,28.03867013352888]},"properties":{"cat":"B. TEMPLES/CHURCH/MASGID","name":"Radha Krishna Mandir"}},{"type":"Feature","geometry":{"type":"Point","coordinates":[82.24284793521586,28.08878188130755]},"properties":{"cat":"B. TEMPLES/CHURCH/MASGID","name":"Bangai bhaiarthan"}},{"type":"Feature","geometry":{"type":"Point","coordinates":[82.23269971353734,28.02140555290833]},"properties":{"cat":"B. TEMPLES/CHURCH/MASGID","name":"PATARAKHOLI bARATHAN"}},{"type":"Feature","geometry":{"type":"Point","coordinates":[82.3277016999932,28.01332087415316]},"properties":{"cat":"B. TEMPLES/CHURCH/MASGID","name":"Khausapur bhaiarthan"}},{"type":"Feature","geometry":{"type":"Point","coordinates":[82.24316334028738,28.0057566045679]},"properties":{"cat":"B. TEMPLES/CHURCH/MASGID","name":"Siddhababa temple"}},{"type":"Feature","geometry":{"type":"Point","coordinates":[82.2920730728397,28.1011435081803]},"properties":{"cat":"B. TEMPLES/CHURCH/MASGID","name":"CHURCH"}},{"type":"Feature","geometry":{"type":"Point","coordinates":[82.25534642747209,28.04132669449343]},"properties":{"cat":"B. TEMPLES/CHURCH/MASGID","name":"Shitalpur temple"}},{"type":"Feature","geometry":{"type":"Point","coordinates":[82.25196539723488,28.09785932796532]},"properties":{"cat":"B. TEMPLES/CHURCH/MASGID","name":"Bangaun devthan"}},{"type":"Feature","geometry":{"type":"Point","coordinates":[82.27165831121579,28.14938410232531]},"properties":{"cat":"B. TEMPLES/CHURCH/MASGID","name":"Tharu bhuiar than"}},{"type":"Feature","geometry":{"type":"Point","coordinates":[82.28074569235267,28.12580893578114]},"properties":{"cat":"B. TEMPLES/CHURCH/MASGID","name":"PRATIGYA MANDALI- CHURCH"}},{"type":"Feature","geometry":{"type":"Point","coordinates":[82.29587489093862,28.14778355408054]},"properties":{"cat":"B. TEMPLES/CHURCH/MASGID","name":"boudha gumba"}},{"type":"Feature","geometry":{"type":"Point","coordinates":[82.23821303241762,28.06127800474405]},"properties":{"cat":"B. TEMPLES/CHURCH/MASGID","name":"Durga temple"}},{"type":"Feature","geometry":{"type":"Point","coordinates":[82.2506066579412,28.09161630958721]},"properties":{"cat":"B. TEMPLES/CHURCH/MASGID","name":"Khairawang temple"}},{"type":"Feature","geometry":{"type":"Point","coordinates":[82.242682651658,28.00550706005362]},"properties":{"cat":"B. TEMPLES/CHURCH/MASGID","name":"Bishokarma temple"}},{"type":"Feature","geometry":{"type":"Point","coordinates":[82.27165460000005,28.0886971]},"properties":{"cat":"B. TEMPLES/CHURCH/MASGID","name":"बराह मन्दिर पड्ढा"}},{"type":"Feature","geometry":{"type":"Point","coordinates":[82.26143903508265,28.11741952643195]},"properties":{"cat":"B. TEMPLES/CHURCH/MASGID","name":"महादेव मन्दिर"}},{"type":"Feature","geometry":{"type":"Point","coordinates":[82.2820411,28.07689930000003]},"properties":{"cat":"B. TEMPLES/CHURCH/MASGID","name":"शिव मन्दिर"}},{"type":"Feature","geometry":{"type":"Point","coordinates":[82.2741933,28.13304659999999]},"properties":{"cat":"B. TEMPLES/CHURCH/MASGID","name":"कृष्ण मन्दिर दुधेना"}},{"type":"Feature","geometry":{"type":"Point","coordinates":[82.28566557813595,28.08942381820984]},"properties":{"cat":"B. TEMPLES/CHURCH/MASGID","name":"Om Somnath shiva mandir"}},{"type":"Feature","geometry":{"type":"Point","coordinates":[82.26277339566917,28.09698072027917]},"properties":{"cat":"B. TEMPLES/CHURCH/MASGID","name":"Gauri bhagawati mandir"}},{"type":"Feature","geometry":{"type":"Point","coordinates":[82.29589,28.1474967]},"properties":{"cat":"B. TEMPLES/CHURCH/MASGID","name":"शिव मन्दिर डाँडागाउँ"}},{"type":"Feature","geometry":{"type":"Point","coordinates":[82.2808232055798,28.12037742606514]},"properties":{"cat":"B. TEMPLES/CHURCH/MASGID","name":"Saraswati temple"}},{"type":"Feature","geometry":{"type":"Point","coordinates":[82.2579271,28.1016814]},"properties":{"cat":"B. TEMPLES/CHURCH/MASGID","name":"दुर्गा भगवती मन्दिर"}},{"type":"Feature","geometry":{"type":"Point","coordinates":[82.315142,28.18786339999998]},"properties":{"cat":"B. TEMPLES/CHURCH/MASGID","name":"शिव मन्दिर"}},{"type":"Feature","geometry":{"type":"Point","coordinates":[82.29058185472833,28.21081675974523]},"properties":{"cat":"B. TEMPLES/CHURCH/MASGID","name":"Devi mandir"}},{"type":"Feature","geometry":{"type":"Point","coordinates":[82.26953815534387,28.24409254669899]},"properties":{"cat":"B. TEMPLES/CHURCH/MASGID","name":"Tharkot"}},{"type":"Feature","geometry":{"type":"Point","coordinates":[82.28863130315463,28.12948037546073]},"properties":{"cat":"B. TEMPLES/CHURCH/MASGID","name":"Shiva mandir, gaurishankat tol"}},{"type":"Feature","geometry":{"type":"Point","coordinates":[82.28899588564157,28.14439388105289]},"properties":{"cat":"B. TEMPLES/CHURCH/MASGID","name":"Shiva mandir"}},{"type":"Feature","geometry":{"type":"Point","coordinates":[82.2976238237458,28.14092834122154]},"properties":{"cat":"B. TEMPLES/CHURCH/MASGID","name":"Shiva mandir"}},{"type":"Feature","geometry":{"type":"Point","coordinates":[82.28248798995229,28.14049890760982]},"properties":{"cat":"B. TEMPLES/CHURCH/MASGID","name":"Kalbhairab mandir"}},{"type":"Feature","geometry":{"type":"Point","coordinates":[82.29522403380935,28.14881646417892]},"properties":{"cat":"B. TEMPLES/CHURCH/MASGID","name":"Bishwokarma baba mandir"}},{"type":"Feature","geometry":{"type":"Point","coordinates":[82.23413942487255,28.05546899931984]},"properties":{"cat":"B. TEMPLES/CHURCH/MASGID","name":"किराँतेश्वोर शिव मन्दिर, बेल्टाकुरा"}},{"type":"Feature","geometry":{"type":"Point","coordinates":[82.29766864286621,28.1520027092502]},"properties":{"cat":"B. TEMPLES/CHURCH/MASGID","name":"Gorakhnath Mandhir"}},{"type":"Feature","geometry":{"type":"Point","coordinates":[82.28620917027179,28.16894348464399]},"properties":{"cat":"B. TEMPLES/CHURCH/MASGID","name":"Shiva mandir"}},{"type":"Feature","geometry":{"type":"Point","coordinates":[82.26070058635976,28.10456324116187]},"properties":{"cat":"B. TEMPLES/CHURCH/MASGID","name":"Lamichhane mandir"}},{"type":"Feature","geometry":{"type":"Point","coordinates":[82.30138297231434,28.18762980099474]},"properties":{"cat":"B. TEMPLES/CHURCH/MASGID","name":"Radha krishna mandir, Brakhali"}},{"type":"Feature","geometry":{"type":"Point","coordinates":[82.29916506439268,28.1561455651779]},"properties":{"cat":"B. TEMPLES/CHURCH/MASGID","name":"Durga bhagawati mandir"}},{"type":"Feature","geometry":{"type":"Point","coordinates":[82.30689082172546,28.18282495687845]},"properties":{"cat":"B. TEMPLES/CHURCH/MASGID","name":"Jay gurudev kuti"}},{"type":"Feature","geometry":{"type":"Point","coordinates":[82.25460597597377,28.17186216452809]},"properties":{"cat":"B. TEMPLES/CHURCH/MASGID","name":"Shiva mandir-chote"}},{"type":"Feature","geometry":{"type":"Point","coordinates":[82.31372170609393,28.18166331317284]},"properties":{"cat":"B. TEMPLES/CHURCH/MASGID","name":"Kalika mandir"}},{"type":"Feature","geometry":{"type":"Point","coordinates":[82.31385924738618,28.17403393250963]},"properties":{"cat":"B. TEMPLES/CHURCH/MASGID","name":"Bhagawati mandir"}},{"type":"Feature","geometry":{"type":"Point","coordinates":[82.3158508479626,28.12109431052698]},"properties":{"cat":"B. TEMPLES/CHURCH/MASGID","name":"Radha krishna mandir"}},{"type":"Feature","geometry":{"type":"Point","coordinates":[82.25761573608179,28.22622828761543]},"properties":{"cat":"B. TEMPLES/CHURCH/MASGID","name":"Ranitakura shiva mandir"}},{"type":"Feature","geometry":{"type":"Point","coordinates":[82.271149541955,28.17516125620469]},"properties":{"cat":"B. TEMPLES/CHURCH/MASGID","name":"Devi mandir"}},{"type":"Feature","geometry":{"type":"Point","coordinates":[82.31066502503494,28.18963582157714]},"properties":{"cat":"B. TEMPLES/CHURCH/MASGID","name":"Shirkhola radha krishna mandir"}},{"type":"Feature","geometry":{"type":"Point","coordinates":[82.24352465488798,28.15683936979827]},"properties":{"cat":"B. TEMPLES/CHURCH/MASGID","name":"Shiva mandir"}},{"type":"Feature","geometry":{"type":"Point","coordinates":[82.3309806871739,28.21127100937882]},"properties":{"cat":"B. TEMPLES/CHURCH/MASGID","name":"Narshingh bhairab mandir, Ramri"}},{"type":"Feature","geometry":{"type":"Point","coordinates":[82.2376952326878,28.08366707831669]},"properties":{"cat":"B. TEMPLES/CHURCH/MASGID","name":"Nandesowar temple"}},{"type":"Feature","geometry":{"type":"Point","coordinates":[82.32947568006435,28.22042600558827]},"properties":{"cat":"B. TEMPLES/CHURCH/MASGID","name":"Bishwokarma mandir"}},{"type":"Feature","geometry":{"type":"Point","coordinates":[82.26193892871677,28.17702876876941]},"properties":{"cat":"B. TEMPLES/CHURCH/MASGID","name":"Manakamana mandri"}},{"type":"Feature","geometry":{"type":"Point","coordinates":[82.31439961996261,28.15499733949526]},"properties":{"cat":"B. TEMPLES/CHURCH/MASGID","name":"Devsthal-bhandari temple"}},{"type":"Feature","geometry":{"type":"Point","coordinates":[82.21973497633122,28.07618201435621]},"properties":{"cat":"B. TEMPLES/CHURCH/MASGID","name":"शुक्रेश्वरी देवी भगवतीको मन्दिर"}},{"type":"Feature","geometry":{"type":"Point","coordinates":[82.30515745645697,28.12356328878593]},"properties":{"cat":"B. TEMPLES/CHURCH/MASGID","name":"Church"}},{"type":"Feature","geometry":{"type":"Point","coordinates":[82.23180905366203,28.05972188652573]},"properties":{"cat":"B. TEMPLES/CHURCH/MASGID","name":"Krishna mandir"}},{"type":"Feature","geometry":{"type":"Point","coordinates":[82.30319917558792,28.13358857709733]},"properties":{"cat":"B. TEMPLES/CHURCH/MASGID","name":"Khairawang mandir"}},{"type":"Feature","geometry":{"type":"Point","coordinates":[82.31512056722008,28.14028416251871]},"properties":{"cat":"B. TEMPLES/CHURCH/MASGID","name":"Parajuli kul mandir"}},{"type":"Feature","geometry":{"type":"Point","coordinates":[82.31315844606848,28.15467786779636]},"properties":{"cat":"B. TEMPLES/CHURCH/MASGID","name":"Gauradevi Temple"}},{"type":"Feature","geometry":{"type":"Point","coordinates":[82.33488719717245,28.13579198753748]},"properties":{"cat":"B. TEMPLES/CHURCH/MASGID","name":"Betrawati mandir"}},{"type":"Feature","geometry":{"type":"Point","coordinates":[82.3179467675152,28.11395135210466]},"properties":{"cat":"B. TEMPLES/CHURCH/MASGID","name":"Shanveevani Gumba"}},{"type":"Feature","geometry":{"type":"Point","coordinates":[82.25367040000005,28.09327580000003]},"properties":{"cat":"B. TEMPLES/CHURCH/MASGID","name":"शिव मन्दिर"}},{"type":"Feature","geometry":{"type":"Point","coordinates":[82.23320920000003,28.06596760000001]},"properties":{"cat":"B. TEMPLES/CHURCH/MASGID","name":"शिव मन्दिर"}},{"type":"Feature","geometry":{"type":"Point","coordinates":[82.30292151882153,28.14351863730391]},"properties":{"cat":"B. TEMPLES/CHURCH/MASGID","name":"Shiva temple"}},{"type":"Feature","geometry":{"type":"Point","coordinates":[82.29928699780555,28.12806824618298]},"properties":{"cat":"B. TEMPLES/CHURCH/MASGID","name":"Durga devi mandir"}},{"type":"Feature","geometry":{"type":"Point","coordinates":[82.29681110000001,28.1249546]},"properties":{"cat":"B. TEMPLES/CHURCH/MASGID","name":"सरस्वती मन्दिर"}},{"type":"Feature","geometry":{"type":"Point","coordinates":[82.304389,28.11980349999997]},"properties":{"cat":"B. TEMPLES/CHURCH/MASGID","name":"शिव मन्दिर"}},{"type":"Feature","geometry":{"type":"Point","coordinates":[82.3033335,28.11104860000001]},"properties":{"cat":"B. TEMPLES/CHURCH/MASGID","name":"राधा कृष्ण मन्दिर"}},{"type":"Feature","geometry":{"type":"Point","coordinates":[82.29736880000003,28.13163829999997]},"properties":{"cat":"B. TEMPLES/CHURCH/MASGID","name":"आइ.एम.ई."}},{"type":"Feature","geometry":{"type":"Point","coordinates":[82.2971731,28.1263573]},"properties":{"cat":"B. TEMPLES/CHURCH/MASGID","name":"त्रिशिद्धेश्वरी (कालिका) मन्दिर"}},{"type":"Feature","geometry":{"type":"Point","coordinates":[82.2708781,28.1440767]},"properties":{"cat":"B. TEMPLES/CHURCH/MASGID","name":"शिव मन्दिर"}},{"type":"Feature","geometry":{"type":"Point","coordinates":[82.34808680000002,28.1252135]},"properties":{"cat":"B. TEMPLES/CHURCH/MASGID","name":"कालिका मालिका देविथान"}},{"type":"Feature","geometry":{"type":"Point","coordinates":[82.26727319999996,28.09997070000001]},"properties":{"cat":"B. TEMPLES/CHURCH/MASGID","name":"शिव मन्दिर, गौरिगाउँ ताल"}},{"type":"Feature","geometry":{"type":"Point","coordinates":[82.2618498,28.177146]},"properties":{"cat":"B. TEMPLES/CHURCH/MASGID","name":"मनकामना देवी मन्दिर"}},{"type":"Feature","geometry":{"type":"Point","coordinates":[82.3153263,28.16478449999998]},"properties":{"cat":"B. TEMPLES/CHURCH/MASGID","name":"Bhumishwori bhagawati mandir"}},{"type":"Feature","geometry":{"type":"Point","coordinates":[82.3184377,28.15567790000001]},"properties":{"cat":"B. TEMPLES/CHURCH/MASGID","name":"जंगा कालिका मन्दिर"}},{"type":"Feature","geometry":{"type":"Point","coordinates":[82.2893652,28.04971480000001]},"properties":{"cat":"B. TEMPLES/CHURCH/MASGID","name":"शिव मन्दिर करङ्गा"}},{"type":"Feature","geometry":{"type":"Point","coordinates":[82.278564,28.15642760000001]},"properties":{"cat":"B. TEMPLES/CHURCH/MASGID","name":"शिव मन्दिर"}},{"type":"Feature","geometry":{"type":"Point","coordinates":[82.27889379434124,28.10842876470526]},"properties":{"cat":"B. TEMPLES/CHURCH/MASGID","name":"Shiva mandir"}},{"type":"Feature","geometry":{"type":"Point","coordinates":[82.28211320000001,28.0450082]},"properties":{"cat":"B. TEMPLES/CHURCH/MASGID","name":"शिव मन्दिर"}},{"type":"Feature","geometry":{"type":"Point","coordinates":[82.275175,28.0684575]},"properties":{"cat":"B. TEMPLES/CHURCH/MASGID","name":"शिवनगर मन्दिर"}},{"type":"Feature","geometry":{"type":"Point","coordinates":[82.29628250873537,28.11820445334645]},"properties":{"cat":"B. TEMPLES/CHURCH/MASGID","name":"Shiva mandir"}},{"type":"Feature","geometry":{"type":"Point","coordinates":[82.29302342467423,28.12178547241231]},"properties":{"cat":"B. TEMPLES/CHURCH/MASGID","name":"Laxmi narayan mandir"}},{"type":"Feature","geometry":{"type":"Point","coordinates":[82.30536349942518,28.11945825150902]},"properties":{"cat":"B. TEMPLES/CHURCH/MASGID","name":"Durga bhagawati mandir"}},{"type":"Feature","geometry":{"type":"Point","coordinates":[82.30916790000003,28.1486967]},"properties":{"cat":"B. TEMPLES/CHURCH/MASGID","name":"रिजाल कुलपुजा मन्दिर"}},{"type":"Feature","geometry":{"type":"Point","coordinates":[82.31096708192791,28.15269349189797]},"properties":{"cat":"B. TEMPLES/CHURCH/MASGID","name":"Gauradevvi Temple"}},{"type":"Feature","geometry":{"type":"Point","coordinates":[82.31856679999997,28.15729340000003]},"properties":{"cat":"B. TEMPLES/CHURCH/MASGID","name":"देवी मन्दिर"}},{"type":"Feature","geometry":{"type":"Point","coordinates":[82.34081539999998,28.16227559999998]},"properties":{"cat":"B. TEMPLES/CHURCH/MASGID","name":"Shiva mandir"}},{"type":"Feature","geometry":{"type":"Point","coordinates":[82.3377603,28.1147966]},"properties":{"cat":"VOTING CENTRE","name":"बिजौरी मतदान केन्द्र"}},{"type":"Feature","geometry":{"type":"Point","coordinates":[82.34999939999999,28.10664610000002]},"properties":{"cat":"VOTING CENTRE","name":"हेमन्तपुर मतदान केन्द्र"}},{"type":"Feature","geometry":{"type":"Point","coordinates":[82.30873350000003,28.07692180000001]},"properties":{"cat":"VOTING CENTRE","name":"लक्ष्मीपुर मतदान केन्द्र"}},{"type":"Feature","geometry":{"type":"Point","coordinates":[82.2992264,28.0589037]},"properties":{"cat":"VOTING CENTRE","name":"धम्कापुर मतदान केन्द्र"}},{"type":"Feature","geometry":{"type":"Point","coordinates":[82.28149830000001,28.00853490000001]},"properties":{"cat":"VOTING CENTRE","name":"जनज्योती मा.वि. मतदान केन्द्र"}},{"type":"Feature","geometry":{"type":"Point","coordinates":[82.24504709999998,28.0312659]},"properties":{"cat":"VOTING CENTRE","name":"प्रा.वि. बखरिया मतदान केन्द्र"}},{"type":"Feature","geometry":{"type":"Point","coordinates":[82.3045586,27.995363]},"properties":{"cat":"VOTING CENTRE","name":"आ.वि. बराहखुटी मतदान केन्द्र"}},{"type":"Feature","geometry":{"type":"Point","coordinates":[82.2640159,28.1373947]},"properties":{"cat":"VOTING CENTRE","name":"माध्यमिक विद्यालय अश्वरा मतदान केन्द्र"}},{"type":"Feature","geometry":{"type":"Point","coordinates":[82.2764692,28.0727708]},"properties":{"cat":"VOTING CENTRE","name":"पशुपति मा.वि. मतदान केन्द्र, हरिपौरी"}},{"type":"Feature","geometry":{"type":"Point","coordinates":[82.2417989,28.0662268]},"properties":{"cat":"VOTING CENTRE","name":"कटाह आ.वि. मतदान केन्द्र"}},{"type":"Feature","geometry":{"type":"Point","coordinates":[82.28753169999997,28.1319483]},"properties":{"cat":"VOTING CENTRE","name":"माध्यमिक विद्यालय डोघरे मतदान केन्द्र"}},{"type":"Feature","geometry":{"type":"Point","coordinates":[82.253083,28.09284159999999]},"properties":{"cat":"VOTING CENTRE","name":"जनजागृती मा.वि. मतदान केन्द्र, पातुबनगाउँ"}},{"type":"Feature","geometry":{"type":"Point","coordinates":[82.29354180000001,28.21074510000002]},"properties":{"cat":"VOTING CENTRE","name":"प्रतापकोट मा.वि. मतदान केन्द्र"}},{"type":"Feature","geometry":{"type":"Point","coordinates":[82.31415219999997,28.187084]},"properties":{"cat":"VOTING CENTRE","name":"राणागाउँ प्रा.वि. मतदान केन्द्र"}},{"type":"Feature","geometry":{"type":"Point","coordinates":[82.30441539999998,28.162672]},"properties":{"cat":"VOTING CENTRE","name":"सरस्वती मा.वि. मतदान केन्द्र, दमारगाउँ"}},{"type":"Feature","geometry":{"type":"Point","coordinates":[82.2432031,28.15875809999999]},"properties":{"cat":"VOTING CENTRE","name":"वीरेन्द्र मा.वि. मतदान केन्द्र"}},{"type":"Feature","geometry":{"type":"Point","coordinates":[82.3459051,28.1612359]},"properties":{"cat":"VOTING CENTRE","name":"श्री जनश्रम माध्यमिक विद्यालय मतदान केन्द्र"}},{"type":"Feature","geometry":{"type":"Point","coordinates":[82.32403609999999,28.12518049999998]},"properties":{"cat":"VOTING CENTRE","name":"माध्यामिक विद्यालय कालाखोला मतदान केन्द्र"}},{"type":"Feature","geometry":{"type":"Point","coordinates":[82.34044160000002,28.1550087]},"properties":{"cat":"VOTING CENTRE","name":"बनहरी मतदान केन्द्र"}},{"type":"Feature","geometry":{"type":"Point","coordinates":[82.29680840000003,28.1244542]},"properties":{"cat":"VOTING CENTRE","name":"मा.वि. सेन्टर मतदान स्थल"}},{"type":"Feature","geometry":{"type":"Point","coordinates":[82.32904580000002,28.0406932]},"properties":{"cat":"VOTING CENTRE","name":"कोठरी मतदान केन्द्र"}},{"type":"Feature","geometry":{"type":"Point","coordinates":[82.33923549999999,28.0960111]},"properties":{"cat":"VOTING CENTRE","name":"मानपुर मतदान केन्द्र"}},{"type":"Feature","geometry":{"type":"Point","coordinates":[82.31381759999998,28.15807050000002]},"properties":{"cat":"VOTING CENTRE","name":"गुरु जजुर उच्च मा.वि. मतदान केन्द्र"}},{"type":"Feature","geometry":{"type":"Point","coordinates":[82.3693728,28.15261780000002]},"properties":{"cat":"VOTING CENTRE","name":"कुटीचौर मतदान केन्द्र"}},{"type":"Feature","geometry":{"type":"Point","coordinates":[82.3673377,28.1062643]},"properties":{"cat":"VOTING CENTRE","name":"मनिकापुर मतदान केन्द्र"}},{"type":"Feature","geometry":{"type":"Point","coordinates":[82.29813739999996,28.1348098]},"properties":{"cat":"VOTING CENTRE","name":"अरनिको मैदान मतदान केन्द्र"}},{"type":"Feature","geometry":{"type":"Point","coordinates":[82.37364020000001,28.08398569999999]},"properties":{"cat":"VOTING CENTRE","name":"जनकल्याण मा.वि. मतदान केन्द्र, दुधरास"}},{"type":"Feature","geometry":{"type":"Point","coordinates":[82.35142922273013,28.11123080990565]},"properties":{"cat":"AGRICULTURE FARMS/ANIMAL FARM","name":"Chawakhola nahar"}},{"type":"Feature","geometry":{"type":"Point","coordinates":[82.34182288009968,28.08894606486434]},"properties":{"cat":"AGRICULTURE FARMS/ANIMAL FARM","name":"Lift sichai"}},{"type":"Feature","geometry":{"type":"Point","coordinates":[82.32471218826194,28.05215616830882]},"properties":{"cat":"AGRICULTURE FARMS/ANIMAL FARM","name":"Deep boading"}},{"type":"Feature","geometry":{"type":"Point","coordinates":[82.32141642148582,28.05246176428145]},"properties":{"cat":"AGRICULTURE FARMS/ANIMAL FARM","name":"Deep boading"}},{"type":"Feature","geometry":{"type":"Point","coordinates":[82.32017350144733,28.05901726904683]},"properties":{"cat":"AGRICULTURE FARMS/ANIMAL FARM","name":"Pahelpar sichai"}},{"type":"Feature","geometry":{"type":"Point","coordinates":[82.31845951661712,28.06448399203317]},"properties":{"cat":"AGRICULTURE FARMS/ANIMAL FARM","name":"sichai nahar"}},{"type":"Feature","geometry":{"type":"Point","coordinates":[82.25094443282578,28.0552652963404]},"properties":{"cat":"AGRICULTURE FARMS/ANIMAL FARM","name":"Sana kishan cold store"}},{"type":"Feature","geometry":{"type":"Point","coordinates":[82.31360676133225,28.064194445996]},"properties":{"cat":"AGRICULTURE FARMS/ANIMAL FARM","name":"Gorkha seed company"}},{"type":"Feature","geometry":{"type":"Point","coordinates":[82.28387933585398,28.12622627674867]},"properties":{"cat":"AGRICULTURE FARMS/ANIMAL FARM","name":"Vet & Agri branch Tulsipur"}},{"type":"Feature","geometry":{"type":"Point","coordinates":[82.34440470935489,28.14559185329158]},"properties":{"cat":"AGRICULTURE FARMS/ANIMAL FARM","name":"Private sichai pokhari"}},{"type":"Feature","geometry":{"type":"Point","coordinates":[82.34426568212017,28.14978241624838]},"properties":{"cat":"AGRICULTURE FARMS/ANIMAL FARM","name":"Agri promotion and innovation"}},{"type":"Feature","geometry":{"type":"Point","coordinates":[82.34433972511098,28.14977899335858]},"properties":{"cat":"AGRICULTURE FARMS/ANIMAL FARM","name":"Agri Promotion and Innovation (Agripi)"}},{"type":"Feature","geometry":{"type":"Point","coordinates":[82.31746563690264,28.12043892728391]},"properties":{"cat":"AGRICULTURE FARMS/ANIMAL FARM","name":"Rukumeli seed kendra"}},{"type":"Feature","geometry":{"type":"Point","coordinates":[82.32994887061841,28.02301361864911]},"properties":{"cat":"POULTARY FARM","name":"Palau poultary farm"}},{"type":"Feature","geometry":{"type":"Point","coordinates":[82.32449782800087,28.0125498406986]},"properties":{"cat":"POULTARY FARM","name":"Hypo poultary farm"}},{"type":"Feature","geometry":{"type":"Point","coordinates":[82.33355650104748,28.03576786691183]},"properties":{"cat":"POULTARY FARM","name":"Poultary farm"}},{"type":"Feature","geometry":{"type":"Point","coordinates":[82.23835361797131,28.02345501949237]},"properties":{"cat":"POULTARY FARM","name":"Local farm"}},{"type":"Feature","geometry":{"type":"Point","coordinates":[82.32130257365642,28.04932085986596]},"properties":{"cat":"POULTARY FARM","name":"Anju bahu udeshya pashu panchi tath krishi farm"}},{"type":"Feature","geometry":{"type":"Point","coordinates":[82.28851001102444,28.00518129220704]},"properties":{"cat":"POULTARY FARM","name":"Poultary farm"}},{"type":"Feature","geometry":{"type":"Point","coordinates":[82.40838576944448,28.12704063105651]},"properties":{"cat":"POULTARY FARM","name":"Poultary farm"}},{"type":"Feature","geometry":{"type":"Point","coordinates":[82.28028481497093,28.03908702139832]},"properties":{"cat":"POULTARY FARM","name":"Sandip Poultary Farm"}},{"type":"Feature","geometry":{"type":"Point","coordinates":[82.33535517671089,28.03156973402332]},"properties":{"cat":"POULTARY FARM","name":"Bhusal poultary farm"}},{"type":"Feature","geometry":{"type":"Point","coordinates":[82.27972682075693,28.07233279811742]},"properties":{"cat":"POULTARY FARM","name":"Poultary farm"}},{"type":"Feature","geometry":{"type":"Point","coordinates":[82.33399002516832,28.03506226269343]},"properties":{"cat":"POULTARY FARM","name":"Poultary farm"}},{"type":"Feature","geometry":{"type":"Point","coordinates":[82.35286689389586,28.01424969384315]},"properties":{"cat":"POULTARY FARM","name":"Manakamana Poultary farm"}},{"type":"Feature","geometry":{"type":"Point","coordinates":[82.37558767289498,28.07274944763385]},"properties":{"cat":"POULTARY FARM","name":"Poultary farm"}},{"type":"Feature","geometry":{"type":"Point","coordinates":[82.3313361511116,28.08750011880399]},"properties":{"cat":"POULTARY FARM","name":"Poultary farm- lalpure"}},{"type":"Feature","geometry":{"type":"Point","coordinates":[82.33008258588454,28.1433898674992]},"properties":{"cat":"POULTARY FARM","name":"Oli Kukhura Fom"}},{"type":"Feature","geometry":{"type":"Point","coordinates":[82.32540313690852,28.03646284108283]},"properties":{"cat":"POULTARY FARM","name":"प्रबिन कुखुरा पालन फर्म"}},{"type":"Feature","geometry":{"type":"Point","coordinates":[82.29851548721993,28.18640190416971]},"properties":{"cat":"POULTARY FARM","name":"Prapti poultary farm"}},{"type":"Feature","geometry":{"type":"Point","coordinates":[82.32010981842606,28.03160822237101]},"properties":{"cat":"POULTARY FARM","name":"Poultary farm"}},{"type":"Feature","geometry":{"type":"Point","coordinates":[82.27744685874615,28.00894485786737]},"properties":{"cat":"POULTARY FARM","name":"Khadka pashu panchi farm"}},{"type":"Feature","geometry":{"type":"Point","coordinates":[82.24057808033145,28.13462957376817]},"properties":{"cat":"POULTARY FARM","name":"Oli poultary farm"}},{"type":"Feature","geometry":{"type":"Point","coordinates":[82.24679318931872,28.13684017001949]},"properties":{"cat":"POULTARY FARM","name":"Poultary farm"}},{"type":"Feature","geometry":{"type":"Point","coordinates":[82.23633357090074,28.02255845306123]},"properties":{"cat":"POULTARY FARM","name":"poultary farm"}},{"type":"Feature","geometry":{"type":"Point","coordinates":[82.30693804369712,28.17983135879389]},"properties":{"cat":"POULTARY FARM","name":"Karnel poultary farm"}},{"type":"Feature","geometry":{"type":"Point","coordinates":[82.2606209287142,28.0091066691261]},"properties":{"cat":"POULTARY FARM","name":"Fulwari hyatchary farm"}},{"type":"Feature","geometry":{"type":"Point","coordinates":[82.29171582217973,28.09794681598748]},"properties":{"cat":"POULTARY FARM","name":"Kalpana poultary farm"}},{"type":"Feature","geometry":{"type":"Point","coordinates":[82.28025210069468,28.08014698564119]},"properties":{"cat":"POULTARY FARM","name":"K.C poultary farm"}},{"type":"Feature","geometry":{"type":"Point","coordinates":[82.30668229371136,28.17920863731416]},"properties":{"cat":"POULTARY FARM","name":"Lamichhane poultary farm"}},{"type":"Feature","geometry":{"type":"Point","coordinates":[82.2553281387619,28.09049546338901]},"properties":{"cat":"POULTARY FARM","name":"Indra poultary farm"}},{"type":"Feature","geometry":{"type":"Point","coordinates":[82.27553157664249,28.09496258013004]},"properties":{"cat":"POULTARY FARM","name":"K.C poultary farm"}},{"type":"Feature","geometry":{"type":"Point","coordinates":[82.29810487700264,28.18823198817506]},"properties":{"cat":"POULTARY FARM","name":"Resham poultary farm"}},{"type":"Feature","geometry":{"type":"Point","coordinates":[82.27506335567195,28.0924139020864]},"properties":{"cat":"POULTARY FARM","name":"Poultary farm???"}},{"type":"Feature","geometry":{"type":"Point","coordinates":[82.29300712556768,28.14235947491877]},"properties":{"cat":"POULTARY FARM","name":"Poultary farm"}},{"type":"Feature","geometry":{"type":"Point","coordinates":[82.26594203919987,28.08592363105285]},"properties":{"cat":"POULTARY FARM","name":"Rawat bahu udashya krishi tatha pashupanchi farm"}},{"type":"Feature","geometry":{"type":"Point","coordinates":[82.30216787033342,28.18596677634106]},"properties":{"cat":"POULTARY FARM","name":"Subha sandesh poultary farm"}},{"type":"Feature","geometry":{"type":"Point","coordinates":[82.2977589264959,28.15150197723638]},"properties":{"cat":"POULTARY FARM","name":"Poultary farm"}},{"type":"Feature","geometry":{"type":"Point","coordinates":[82.23532096046995,28.05889718511362]},"properties":{"cat":"POULTARY FARM","name":"Nava Durga poultary farm"}},{"type":"Feature","geometry":{"type":"Point","coordinates":[82.30650235965643,28.17949886430032]},"properties":{"cat":"POULTARY FARM","name":"Kharel poultary farm"}},{"type":"Feature","geometry":{"type":"Point","coordinates":[82.31540857762057,28.14104907765825]},"properties":{"cat":"POULTARY FARM","name":"Kukhura form private"}},{"type":"Feature","geometry":{"type":"Point","coordinates":[82.26969392530589,28.11073013341496]},"properties":{"cat":"POULTARY FARM","name":"Aaayush pashu panchi bahu udashya farm"}},{"type":"Feature","geometry":{"type":"Point","coordinates":[82.30485249878043,28.17888134509968]},"properties":{"cat":"POULTARY FARM","name":"Bhandari poultary farm"}},{"type":"Feature","geometry":{"type":"Point","coordinates":[82.30691957374123,28.12424247301494]},"properties":{"cat":"POULTARY FARM","name":"Poultary farm"}},{"type":"Feature","geometry":{"type":"Point","coordinates":[82.28761787511505,28.10857618908258]},"properties":{"cat":"POULTARY FARM","name":"Poultary farm"}},{"type":"Feature","geometry":{"type":"Point","coordinates":[82.28525448616165,28.00080944246125]},"properties":{"cat":"ANIMAL FARM","name":"Khadka pashu panchi farm"}},{"type":"Feature","geometry":{"type":"Point","coordinates":[82.38034993591079,28.14367112703686]},"properties":{"cat":"ANIMAL FARM","name":"Bangur farm"}},{"type":"Feature","geometry":{"type":"Point","coordinates":[82.30975545087472,28.16805058895854]},"properties":{"cat":"ANIMAL FARM","name":"Gotame bakhra farm"}},{"type":"Feature","geometry":{"type":"Point","coordinates":[82.33030994077306,28.14199588942342]},"properties":{"cat":"ANIMAL FARM","name":"Oli cow fom"}},{"type":"Feature","geometry":{"type":"Point","coordinates":[82.35423435845327,28.12234893594866]},"properties":{"cat":"ANIMAL FARM","name":"Bangur farm"}},{"type":"Feature","geometry":{"type":"Point","coordinates":[82.33533521550774,28.00645890719747]},"properties":{"cat":"ANIMAL FARM","name":"Bakhra farm"}},{"type":"Feature","geometry":{"type":"Point","coordinates":[82.23880817170809,28.02722552839121]},"properties":{"cat":"ANIMAL FARM","name":"Tulsi Gaushala"}},{"type":"Feature","geometry":{"type":"Point","coordinates":[82.33338567694875,28.03038785314275]},"properties":{"cat":"ANIMAL FARM","name":"giri Bhaisi farm"}},{"type":"Feature","geometry":{"type":"Point","coordinates":[82.32364757004281,28.03032305328245]},"properties":{"cat":"ANIMAL FARM","name":"Dhanabahadur bakhra farm"}},{"type":"Feature","geometry":{"type":"Point","coordinates":[82.33979383224012,28.00877267355421]},"properties":{"cat":"ANIMAL FARM","name":"Khadka bhaisi/gai farm"}},{"type":"Feature","geometry":{"type":"Point","coordinates":[82.33276666250421,28.13809125327452]},"properties":{"cat":"ANIMAL FARM","name":"Khatri Bakhra Fom"}},{"type":"Feature","geometry":{"type":"Point","coordinates":[82.33917611750311,28.00932573991516]},"properties":{"cat":"ANIMAL FARM","name":"Bhaisi farm"}},{"type":"Feature","geometry":{"type":"Point","coordinates":[82.28936527877575,28.13940183509254]},"properties":{"cat":"ANIMAL FARM","name":"Bhaisi farm"}},{"type":"Feature","geometry":{"type":"Point","coordinates":[82.34183702337306,28.00799321295166]},"properties":{"cat":"ANIMAL FARM","name":"Magar bhaisi farm"}},{"type":"Feature","geometry":{"type":"Point","coordinates":[82.28225297741335,28.10758316200928]},"properties":{"cat":"ANIMAL FARM","name":"Gai-bhaisi farm"}},{"type":"Feature","geometry":{"type":"Point","coordinates":[82.31322758978786,28.10384975396461]},"properties":{"cat":"FISH FARM","name":"fish farm"}},{"type":"Feature","geometry":{"type":"Point","coordinates":[82.30000667559983,28.08648227815291]},"properties":{"cat":"FISH FARM","name":"macha palan"}},{"type":"Feature","geometry":{"type":"Point","coordinates":[82.30402027206877,28.02254833027133]},"properties":{"cat":"FISH FARM","name":"Macha pokhari"}},{"type":"Feature","geometry":{"type":"Point","coordinates":[82.31205479568992,28.02692842904178]},"properties":{"cat":"FISH FARM","name":"bimal macha pokhari"}},{"type":"Feature","geometry":{"type":"Point","coordinates":[82.24153225972935,28.02199357640683]},"properties":{"cat":"FISH FARM","name":"Macha farm"}},{"type":"Feature","geometry":{"type":"Point","coordinates":[82.26778117520735,28.01304016845577]},"properties":{"cat":"FISH FARM","name":"Macha palan"}},{"type":"Feature","geometry":{"type":"Point","coordinates":[82.33048194489523,28.03651859187221]},"properties":{"cat":"FISH FARM","name":"Machapalan pokhari"}},{"type":"Feature","geometry":{"type":"Point","coordinates":[82.31968318424931,28.04495076596356]},"properties":{"cat":"FISH FARM","name":"Giri macha pokhari"}},{"type":"Feature","geometry":{"type":"Point","coordinates":[82.31954211204378,28.10123320557548]},"properties":{"cat":"FISH FARM","name":"Macha pokhari"}},{"type":"Feature","geometry":{"type":"Point","coordinates":[82.2734515295353,28.08898354531277]},"properties":{"cat":"FISH FARM","name":"K.C Macha palan"}},{"type":"Feature","geometry":{"type":"Point","coordinates":[82.27260015566054,28.09153074622499]},"properties":{"cat":"FISH FARM","name":"Basnet macha pokhari"}},{"type":"Feature","geometry":{"type":"Point","coordinates":[82.22262972692958,28.07387416529281]},"properties":{"cat":"FISH FARM","name":"Macha pokhari"}},{"type":"Feature","geometry":{"type":"Point","coordinates":[82.26552201797635,28.10350301478872]},"properties":{"cat":"FISH FARM","name":"Tula macha palan"}},{"type":"Feature","geometry":{"type":"Point","coordinates":[82.26706977853956,28.10538608205987]},"properties":{"cat":"FISH FARM","name":"Oli macha palan"}},{"type":"Feature","geometry":{"type":"Point","coordinates":[82.25193367341288,28.09243372509959]},"properties":{"cat":"FISH FARM","name":"Shah macha pokhari"}},{"type":"Feature","geometry":{"type":"Point","coordinates":[82.23904708606258,28.1666245969173]},"properties":{"cat":"FISH FARM","name":"Mcha pokhari"}},{"type":"Feature","geometry":{"type":"Point","coordinates":[82.26481103869034,28.09650243692622]},"properties":{"cat":"FISH FARM","name":"Krishi macha palan"}},{"type":"Feature","geometry":{"type":"Point","coordinates":[82.26643490725168,28.10488914342579]},"properties":{"cat":"FISH FARM","name":"Bhaim macha palan"}},{"type":"Feature","geometry":{"type":"Point","coordinates":[82.22761610281077,28.07525107921056]},"properties":{"cat":"FISH FARM","name":"Kishor fish farm"}},{"type":"Feature","geometry":{"type":"Point","coordinates":[82.28770051295014,28.10648437570075]},"properties":{"cat":"BEE FARM","name":"swargadwari mahuri farm"}},{"type":"Feature","geometry":{"type":"Point","coordinates":[82.31323954372557,28.12323137580773]},"properties":{"cat":"BEE FARM","name":"Bishal Bee farm"}},{"type":"Feature","geometry":{"type":"Point","coordinates":[82.28056833166744,28.0826058195034]},"properties":{"cat":"TARKARI TATHA FALFUL","name":"Tarkari farm"}},{"type":"Feature","geometry":{"type":"Point","coordinates":[82.27862830435363,28.00837956642251]},"properties":{"cat":"TARKARI TATHA FALFUL","name":"oli bahu udashya farm"}},{"type":"Feature","geometry":{"type":"Point","coordinates":[82.23047370136752,28.13000896356881]},"properties":{"cat":"TARKARI TATHA FALFUL","name":"Krishi tatha tarkari  farm"}},{"type":"Feature","geometry":{"type":"Point","coordinates":[82.31250594821974,28.04892925645514]},"properties":{"cat":"TARKARI TATHA FALFUL","name":"Kashiram krishi farm"}},{"type":"Feature","geometry":{"type":"Point","coordinates":[82.30614911770448,28.01916820220055]},"properties":{"cat":"TARKARI TATHA FALFUL","name":"श्री गणेश बहुउद्देश्यीय कृषी तथा पशुपन्छी फर्म"}},{"type":"Feature","geometry":{"type":"Point","coordinates":[82.34897958079407,28.11387678778275]},"properties":{"cat":"TARKARI TATHA FALFUL","name":"Krishi Farm"}},{"type":"Feature","geometry":{"type":"Point","coordinates":[82.31266625824868,28.06312024136489]},"properties":{"cat":"TARKARI TATHA FALFUL","name":"Gorkhas krishi pvt.ltd"}},{"type":"Feature","geometry":{"type":"Point","coordinates":[82.30981979040978,28.10066021054348]},"properties":{"cat":"TARKARI TATHA FALFUL","name":"Krishi farm"}},{"type":"Feature","geometry":{"type":"Point","coordinates":[82.31641939054943,28.04489381102173]},"properties":{"cat":"TARKARI TATHA FALFUL","name":"Krishi farm"}},{"type":"Feature","geometry":{"type":"Point","coordinates":[82.2745654070385,28.12159216388076]},"properties":{"cat":"TARKARI TATHA FALFUL","name":"Swostika Multi-Purpose Organic Agro and Suppliers -"}},{"type":"Feature","geometry":{"type":"Point","coordinates":[82.25207930667109,28.03415758987832]},"properties":{"cat":"TARKARI TATHA FALFUL","name":"Tarkari farm"}},{"type":"Feature","geometry":{"type":"Point","coordinates":[82.24006478771955,28.16358055528092]},"properties":{"cat":"TARKARI TATHA FALFUL","name":"Dharapani tarkari krishi farm"}},{"type":"Feature","geometry":{"type":"Point","coordinates":[82.27851094046177,28.0520756177531]},"properties":{"cat":"TARKARI TATHA FALFUL","name":"शितासा बहुउ्देश्यीय फर्म"}},{"type":"Feature","geometry":{"type":"Point","coordinates":[82.30536218230533,28.10289410068273]},"properties":{"cat":"TARKARI TATHA FALFUL","name":"Budhathoko bahu udashya krishi farm"}},{"type":"Feature","geometry":{"type":"Point","coordinates":[82.24610341158046,28.03297159176437]},"properties":{"cat":"TARKARI TATHA FALFUL","name":"Nawajagaran tarkari tatha falful udhyog"}},{"type":"Feature","geometry":{"type":"Point","coordinates":[82.24947015459432,28.03718752411894]},"properties":{"cat":"TARKARI TATHA FALFUL","name":"Digre krishi farm"}},{"type":"Feature","geometry":{"type":"Point","coordinates":[82.34034202672692,28.16664090857782]},"properties":{"cat":"TARKARI TATHA FALFUL","name":"Tarkari farm"}},{"type":"Feature","geometry":{"type":"Point","coordinates":[82.30084559469005,28.09313233028843]},"properties":{"cat":"TARKARI TATHA FALFUL","name":"Krishi farm"}},{"type":"Feature","geometry":{"type":"Point","coordinates":[82.34012014366895,28.1567604975011]},"properties":{"cat":"TARKARI TATHA FALFUL","name":"Tarkari farm"}},{"type":"Feature","geometry":{"type":"Point","coordinates":[82.27233893825641,28.14441015226109]},"properties":{"cat":"उद्योग, व्यापार, व्यवसाय तथा आपूर्ति","name":"Radha krishna rice and flour mill"}},{"type":"Feature","geometry":{"type":"Point","coordinates":[82.25472208970622,28.04015719112076]},"properties":{"cat":"उद्योग, व्यापार, व्यवसाय तथा आपूर्ति","name":"Hatbazar"}},{"type":"Feature","geometry":{"type":"Point","coordinates":[82.28666457987276,28.13082482193499]},"properties":{"cat":"उद्योग, व्यापार, व्यवसाय तथा आपूर्ति","name":"Motor park- garage"}},{"type":"Feature","geometry":{"type":"Point","coordinates":[82.28699218329523,28.13456421459732]},"properties":{"cat":"उद्योग, व्यापार, व्यवसाय तथा आपूर्ति","name":"Car/bus wash centre"}},{"type":"Feature","geometry":{"type":"Point","coordinates":[82.29432069326685,28.13413065436252]},"properties":{"cat":"उद्योग, व्यापार, व्यवसाय तथा आपूर्ति","name":"Alu mandi"}},{"type":"Feature","geometry":{"type":"Point","coordinates":[82.2937085886953,28.13403718844927]},"properties":{"cat":"उद्योग, व्यापार, व्यवसाय तथा आपूर्ति","name":"Meat market"}},{"type":"Feature","geometry":{"type":"Point","coordinates":[82.29402281452862,28.13392371536558]},"properties":{"cat":"उद्योग, व्यापार, व्यवसाय तथा आपूर्ति","name":"Tarkari mandi"}},{"type":"Feature","geometry":{"type":"Point","coordinates":[82.29733852668822,28.12545280697653]},"properties":{"cat":"उद्योग, व्यापार, व्यवसाय तथा आपूर्ति","name":"Tulsipur sabju mandi"}},{"type":"Feature","geometry":{"type":"Point","coordinates":[82.24866980593477,28.1262691453882]},"properties":{"cat":"उद्योग, व्यापार, व्यवसाय तथा आपूर्ति","name":"Bhagya laxmi udhyog crasor"}},{"type":"Feature","geometry":{"type":"Point","coordinates":[82.25050482906688,28.14726173245359]},"properties":{"cat":"उद्योग, व्यापार, व्यवसाय तथा आपूर्ति","name":"Pashupati aanda caret udhyog"}},{"type":"Feature","geometry":{"type":"Point","coordinates":[82.34045850805457,28.12128799714008]},"properties":{"cat":"उद्योग, व्यापार, व्यवसाय तथा आपूर्ति","name":"Shiva ittabhatta udhyog"}},{"type":"Feature","geometry":{"type":"Point","coordinates":[82.3359941483419,28.11585149292521]},"properties":{"cat":"उद्योग, व्यापार, व्यवसाय तथा आपूर्ति","name":"Rapti Rice mill"}},{"type":"Feature","geometry":{"type":"Point","coordinates":[82.34986993030165,28.11708263194337]},"properties":{"cat":"उद्योग, व्यापार, व्यवसाय तथा आपूर्ति","name":"Furniture"}},{"type":"Feature","geometry":{"type":"Point","coordinates":[82.35251883568331,28.11968945812941]},"properties":{"cat":"उद्योग, व्यापार, व्यवसाय तथा आपूर्ति","name":"Pandey rice mill"}},{"type":"Feature","geometry":{"type":"Point","coordinates":[82.3791652476158,28.08956650394639]},"properties":{"cat":"उद्योग, व्यापार, व्यवसाय तथा आपूर्ति","name":"Sonapur cemant factory"}},{"type":"Feature","geometry":{"type":"Point","coordinates":[82.34281311023918,28.10562208810036]},"properties":{"cat":"उद्योग, व्यापार, व्यवसाय तथा आपूर्ति","name":"Hanuman itta udhyog"}},{"type":"Feature","geometry":{"type":"Point","coordinates":[82.34886864085267,28.07688651883579]},"properties":{"cat":"उद्योग, व्यापार, व्यवसाय तथा आपूर्ति","name":"ABC itta bhatta"}},{"type":"Feature","geometry":{"type":"Point","coordinates":[82.35744232914624,28.08846165632265]},"properties":{"cat":"उद्योग, व्यापार, व्यवसाय तथा आपूर्ति","name":"Gatta Factory"}},{"type":"Feature","geometry":{"type":"Point","coordinates":[82.37957314269022,28.07876404720503]},"properties":{"cat":"उद्योग, व्यापार, व्यवसाय तथा आपूर्ति","name":"alkatra factory"}},{"type":"Feature","geometry":{"type":"Point","coordinates":[82.29208594733642,28.10921451705025]},"properties":{"cat":"उद्योग, व्यापार, व्यवसाय तथा आपूर्ति","name":"Tulsipur Flour Mills Pvt.ltd"}},{"type":"Feature","geometry":{"type":"Point","coordinates":[82.34896717581697,28.08024261671228]},"properties":{"cat":"उद्योग, व्यापार, व्यवसाय तथा आपूर्ति","name":"Himshikar Itta Bhatta"}},{"type":"Feature","geometry":{"type":"Point","coordinates":[82.34022497518156,28.10315457546207]},"properties":{"cat":"उद्योग, व्यापार, व्यवसाय तथा आपूर्ति","name":"GaneshItta BHatta"}},{"type":"Feature","geometry":{"type":"Point","coordinates":[82.31073593019778,28.09130779741047]},"properties":{"cat":"उद्योग, व्यापार, व्यवसाय तथा आपूर्ति","name":"Jay Shree Hanuman Manufacturing Pvt Ltd"}},{"type":"Feature","geometry":{"type":"Point","coordinates":[82.30756101794793,28.09787401493939]},"properties":{"cat":"उद्योग, व्यापार, व्यवसाय तथा आपूर्ति","name":"Sewa manufacturing pv"}},{"type":"Feature","geometry":{"type":"Point","coordinates":[82.3075894609501,28.10428898379363]},"properties":{"cat":"उद्योग, व्यापार, व्यवसाय तथा आपूर्ति","name":"सम्राट ईट्टा उद्योग"}},{"type":"Feature","geometry":{"type":"Point","coordinates":[82.32135669602991,28.06570543729468]},"properties":{"cat":"उद्योग, व्यापार, व्यवसाय तथा आपूर्ति","name":"Ekta itta bhatt"}},{"type":"Feature","geometry":{"type":"Point","coordinates":[82.31857076456137,28.10162228955598]},"properties":{"cat":"उद्योग, व्यापार, व्यवसाय तथा आपूर्ति","name":"jagadamba khadya udhyog"}},{"type":"Feature","geometry":{"type":"Point","coordinates":[82.32979794679864,28.05930710972445]},"properties":{"cat":"उद्योग, व्यापार, व्यवसाय तथा आपूर्ति","name":"Ittabhatta"}},{"type":"Feature","geometry":{"type":"Point","coordinates":[82.31062306036996,28.05965260134453]},"properties":{"cat":"उद्योग, व्यापार, व्यवसाय तथा आपूर्ति","name":"Thapa rice mill"}},{"type":"Feature","geometry":{"type":"Point","coordinates":[82.32621320510202,28.05595468695348]},"properties":{"cat":"उद्योग, व्यापार, व्यवसाय तथा आपूर्ति","name":"Rice mill"}},{"type":"Feature","geometry":{"type":"Point","coordinates":[82.32176332497428,28.03707945972535]},"properties":{"cat":"उद्योग, व्यापार, व्यवसाय तथा आपूर्ति","name":"Bhussi itta bhatta"}},{"type":"Feature","geometry":{"type":"Point","coordinates":[82.280287821643,28.00789866102105]},"properties":{"cat":"उद्योग, व्यापार, व्यवसाय तथा आपूर्ति","name":"Sarita Rice and oil mill"}},{"type":"Feature","geometry":{"type":"Point","coordinates":[82.32712862967476,28.05928633887219]},"properties":{"cat":"उद्योग, व्यापार, व्यवसाय तथा आपूर्ति","name":"Rice mill"}},{"type":"Feature","geometry":{"type":"Point","coordinates":[82.33706776773383,28.06128591484662]},"properties":{"cat":"उद्योग, व्यापार, व्यवसाय तथा आपूर्ति","name":"Rice mill"}},{"type":"Feature","geometry":{"type":"Point","coordinates":[82.30111300563684,27.99364602839001]},"properties":{"cat":"उद्योग, व्यापार, व्यवसाय तथा आपूर्ति","name":"Rice and oil mill"}},{"type":"Feature","geometry":{"type":"Point","coordinates":[82.2792791173599,28.12631565464304]},"properties":{"cat":"उद्योग, व्यापार, व्यवसाय तथा आपूर्ति","name":"JK BIRCKS"}},{"type":"Feature","geometry":{"type":"Point","coordinates":[82.27970738073536,28.1345152151727]},"properties":{"cat":"उद्योग, व्यापार, व्यवसाय तथा आपूर्ति","name":"Makhamali saw mill"}},{"type":"Feature","geometry":{"type":"Point","coordinates":[82.27725886903661,28.04443924136068]},"properties":{"cat":"उद्योग, व्यापार, व्यवसाय तथा आपूर्ति","name":"Sworgadwari Brick Industry"}},{"type":"Feature","geometry":{"type":"Point","coordinates":[82.2906902536571,28.10248894861402]},"properties":{"cat":"उद्योग, व्यापार, व्यवसाय तथा आपूर्ति","name":"Siddhi binayak Furniture udhyog"}},{"type":"Feature","geometry":{"type":"Point","coordinates":[82.2940591263072,28.09384631471041]},"properties":{"cat":"उद्योग, व्यापार, व्यवसाय तथा आपूर्ति","name":"dhunga/gitta caresar"}},{"type":"Feature","geometry":{"type":"Point","coordinates":[82.3012010949784,28.09702767776741]},"properties":{"cat":"उद्योग, व्यापार, व्यवसाय तथा आपूर्ति","name":"Pashupati Itta udhyog"}},{"type":"Feature","geometry":{"type":"Point","coordinates":[82.27521460000004,28.1138621]},"properties":{"cat":"उद्योग, व्यापार, व्यवसाय तथा आपूर्ति","name":"पाउल किराना पसल"}},{"type":"Feature","geometry":{"type":"Point","coordinates":[82.29242449613483,28.13555575294322]},"properties":{"cat":"उद्योग, व्यापार, व्यवसाय तथा आपूर्ति","name":"Rijal Chiura Udhyog"}},{"type":"Feature","geometry":{"type":"Point","coordinates":[82.2610966132039,28.08963834834867]},"properties":{"cat":"उद्योग, व्यापार, व्यवसाय तथा आपूर्ति","name":"K.C rice mill"}},{"type":"Feature","geometry":{"type":"Point","coordinates":[82.30889271910426,28.17999381408185]},"properties":{"cat":"उद्योग, व्यापार, व्यवसाय तथा आपूर्ति","name":"rice mill"}},{"type":"Feature","geometry":{"type":"Point","coordinates":[82.31427337028533,28.17484038413124]},"properties":{"cat":"उद्योग, व्यापार, व्यवसाय तथा आपूर्ति","name":"Aapanga hostel"}},{"type":"Feature","geometry":{"type":"Point","coordinates":[82.20831245708324,28.07178512880193]},"properties":{"cat":"उद्योग, व्यापार, व्यवसाय तथा आपूर्ति","name":"Baluwa gitti  karesar"}},{"type":"Feature","geometry":{"type":"Point","coordinates":[82.22613355418012,28.06384183513422]},"properties":{"cat":"उद्योग, व्यापार, व्यवसाय तथा आपूर्ति","name":"Jay ganesh rice and oil mill"}},{"type":"Feature","geometry":{"type":"Point","coordinates":[82.30646518933828,28.16717570571925]},"properties":{"cat":"उद्योग, व्यापार, व्यवसाय तथा आपूर्ति","name":"Rice mill"}},{"type":"Feature","geometry":{"type":"Point","coordinates":[82.22208394942477,28.08058876561132]},"properties":{"cat":"उद्योग, व्यापार, व्यवसाय तथा आपूर्ति","name":"Belganarij rice mill"}},{"type":"Feature","geometry":{"type":"Point","coordinates":[82.22161936508762,28.07650593631409]},"properties":{"cat":"उद्योग, व्यापार, व्यवसाय तथा आपूर्ति","name":"saroj Rice mill"}},{"type":"Feature","geometry":{"type":"Point","coordinates":[82.33354740756322,28.1285852357878]},"properties":{"cat":"उद्योग, व्यापार, व्यवसाय तथा आपूर्ति","name":"Rice mill"}},{"type":"Feature","geometry":{"type":"Point","coordinates":[82.31473223804487,28.13643301803461]},"properties":{"cat":"उद्योग, व्यापार, व्यवसाय तथा आपूर्ति","name":"Masala Udhyog (Bhandari)"}},{"type":"Feature","geometry":{"type":"Point","coordinates":[82.30099799156635,28.15714382262983]},"properties":{"cat":"उद्योग, व्यापार, व्यवसाय तथा आपूर्ति","name":"Gautam rice mill"}},{"type":"Feature","geometry":{"type":"Point","coordinates":[82.30752039117,28.17564026526829]},"properties":{"cat":"उद्योग, व्यापार, व्यवसाय तथा आपूर्ति","name":"rice mill"}},{"type":"Feature","geometry":{"type":"Point","coordinates":[82.32105424946617,28.11749911363817]},"properties":{"cat":"उद्योग, व्यापार, व्यवसाय तथा आपूर्ति","name":"Kapash factort- sirag dashana"}},{"type":"Feature","geometry":{"type":"Point","coordinates":[82.33410766671695,28.12832404550324]},"properties":{"cat":"उद्योग, व्यापार, व्यवसाय तथा आपूर्ति","name":"Kishan Rice Mill"}},{"type":"Feature","geometry":{"type":"Point","coordinates":[82.3040177121672,28.14431776186207]},"properties":{"cat":"उद्योग, व्यापार, व्यवसाय तथा आपूर्ति","name":"Godwan of bageshwori mill"}},{"type":"Feature","geometry":{"type":"Point","coordinates":[82.30859972146392,28.14789515218686]},"properties":{"cat":"उद्योग, व्यापार, व्यवसाय तथा आपूर्ति","name":"Jay Bageshwori Mill"}},{"type":"Feature","geometry":{"type":"Point","coordinates":[82.31393235812376,28.12626762831495]},"properties":{"cat":"उद्योग, व्यापार, व्यवसाय तथा आपूर्ति","name":"Rice mill"}},{"type":"Feature","geometry":{"type":"Point","coordinates":[82.33224603736326,28.13600781905091]},"properties":{"cat":"उद्योग, व्यापार, व्यवसाय तथा आपूर्ति","name":"Khatri Rice mill"}},{"type":"Feature","geometry":{"type":"Point","coordinates":[82.33266550063097,28.12683409241406]},"properties":{"cat":"उद्योग, व्यापार, व्यवसाय तथा आपूर्ति","name":"Hari Rice mill"}},{"type":"Feature","geometry":{"type":"Point","coordinates":[82.3352580269344,28.13039632940649]},"properties":{"cat":"उद्योग, व्यापार, व्यवसाय तथा आपूर्ति","name":"Bindo Rice mill"}},{"type":"Feature","geometry":{"type":"Point","coordinates":[82.32428513442345,28.11987899600317]},"properties":{"cat":"उद्योग, व्यापार, व्यवसाय तथा आपूर्ति","name":"Oli MILL"}},{"type":"Feature","geometry":{"type":"Point","coordinates":[82.32137141410553,28.11683691611352]},"properties":{"cat":"उद्योग, व्यापार, व्यवसाय तथा आपूर्ति","name":"Funiture factory"}},{"type":"Feature","geometry":{"type":"Point","coordinates":[82.31092916265304,28.13975006562467]},"properties":{"cat":"उद्योग, व्यापार, व्यवसाय तथा आपूर्ति","name":"Acharya Mill"}},{"type":"Feature","geometry":{"type":"Point","coordinates":[82.34069469999999,28.1512391]},"properties":{"cat":"उद्योग, व्यापार, व्यवसाय तथा आपूर्ति","name":"Jibson tiles"}},{"type":"Feature","geometry":{"type":"Point","coordinates":[82.30564287815638,28.12901367928567]},"properties":{"cat":"उद्योग, व्यापार, व्यवसाय तथा आपूर्ति","name":"Laxmi kath udhyog"}},{"type":"Feature","geometry":{"type":"Point","coordinates":[82.29476440000002,28.12606210000003]},"properties":{"cat":"उद्योग, व्यापार, व्यवसाय तथा आपूर्ति","name":"पाण्डे डेरी पसल"}},{"type":"Feature","geometry":{"type":"Point","coordinates":[82.2901723,28.1168591]},"properties":{"cat":"उद्योग, व्यापार, व्यवसाय तथा आपूर्ति","name":"Dala Dairy Pasal"}},{"type":"Feature","geometry":{"type":"Point","coordinates":[82.31448639943548,28.12518759459038]},"properties":{"cat":"उद्योग, व्यापार, व्यवसाय तथा आपूर्ति","name":"Hardware???"}},{"type":"Feature","geometry":{"type":"Point","coordinates":[82.31916797012619,28.12501885880156]},"properties":{"cat":"उद्योग, व्यापार, व्यवसाय तथा आपूर्ति","name":"Nursary"}},{"type":"Feature","geometry":{"type":"Point","coordinates":[82.30201838989701,28.13015350218499]},"properties":{"cat":"उद्योग, व्यापार, व्यवसाय तथा आपूर्ति","name":"Safe way driving washing and paring"}},{"type":"Feature","geometry":{"type":"Point","coordinates":[82.29785655463809,28.12286230821779]},"properties":{"cat":"उद्योग, व्यापार, व्यवसाय तथा आपूर्ति","name":"Radhe radhe hall"}},{"type":"Feature","geometry":{"type":"Point","coordinates":[82.30143055507344,28.12380896539425]},"properties":{"cat":"उद्योग, व्यापार, व्यवसाय तथा आपूर्ति","name":"Shabha hall"}},{"type":"Feature","geometry":{"type":"Point","coordinates":[82.29853956006288,28.12294360060743]},"properties":{"cat":"उद्योग, व्यापार, व्यवसाय तथा आपूर्ति","name":"Tulsipur film hall"}},{"type":"Feature","geometry":{"type":"Point","coordinates":[82.29307733764531,28.11892882979537]},"properties":{"cat":"उद्योग, व्यापार, व्यवसाय तथा आपूर्ति","name":"Karahai event spot"}},{"type":"Feature","geometry":{"type":"Point","coordinates":[82.29395494861897,28.11898783939951]},"properties":{"cat":"उद्योग, व्यापार, व्यवसाय तथा आपूर्ति","name":"Film hall"}},{"type":"Feature","geometry":{"type":"Point","coordinates":[82.2937397337196,28.12253731778669]},"properties":{"cat":"उद्योग, व्यापार, व्यवसाय तथा आपूर्ति","name":"Kath udhyog"}},{"type":"Feature","geometry":{"type":"Point","coordinates":[82.29118489067501,28.12727023368297]},"properties":{"cat":"उद्योग, व्यापार, व्यवसाय तथा आपूर्ति","name":"Kath mill"}},{"type":"Feature","geometry":{"type":"Point","coordinates":[82.29098839250581,28.11967117504656]},"properties":{"cat":"उद्योग, व्यापार, व्यवसाय तथा आपूर्ति","name":"Dreams banquit"}},{"type":"Feature","geometry":{"type":"Point","coordinates":[82.2987294005045,28.18846578598508]},"properties":{"cat":"खानेपानी तथा सरसफाई","name":"Chisapani gaun khane pani bhawan"}},{"type":"Feature","geometry":{"type":"Point","coordinates":[82.24718045694051,28.13453766274437]},"properties":{"cat":"खानेपानी तथा सरसफाई","name":"Takiya khane pani tatha sarsafai bhawan"}},{"type":"Feature","geometry":{"type":"Point","coordinates":[82.24821949118439,28.13709557761462]},"properties":{"cat":"खानेपानी तथा सरसफाई","name":"Takiyapur khane pani tank"}},{"type":"Feature","geometry":{"type":"Point","coordinates":[82.231207033365,28.12852601035125]},"properties":{"cat":"खानेपानी तथा सरसफाई","name":"Machot khane pani tatha sarsafai"}},{"type":"Feature","geometry":{"type":"Point","coordinates":[82.29993818325686,28.13498728369768]},"properties":{"cat":"खानेपानी तथा सरसफाई","name":"Tulsipur khane pani tatha sarsafai"}},{"type":"Feature","geometry":{"type":"Point","coordinates":[82.2983554578954,28.13832148165671]},"properties":{"cat":"खानेपानी तथा सरसफाई","name":"Buspark khane pani"}},{"type":"Feature","geometry":{"type":"Point","coordinates":[82.3577180290467,28.13585610864481]},"properties":{"cat":"खानेपानी तथा सरसफाई","name":"Beljhundi Khane pani"}},{"type":"Feature","geometry":{"type":"Point","coordinates":[82.4047799210511,28.12701004393378]},"properties":{"cat":"खानेपानी तथा सरसफाई","name":"Gairakhore khane pani tank"}},{"type":"Feature","geometry":{"type":"Point","coordinates":[82.35887401996519,28.1210550471975]},"properties":{"cat":"खानेपानी तथा सरसफाई","name":"Pakerra khane pani tank"}},{"type":"Feature","geometry":{"type":"Point","coordinates":[82.38230908017177,28.12901052751954]},"properties":{"cat":"खानेपानी तथा सरसफाई","name":"Khanipani tanki-sangram"}},{"type":"Feature","geometry":{"type":"Point","coordinates":[82.34189684737021,28.11113385477707]},"properties":{"cat":"खानेपानी तथा सरसफाई","name":"Pani Jaruwa"}},{"type":"Feature","geometry":{"type":"Point","coordinates":[82.37979052594673,28.11307247601732]},"properties":{"cat":"खानेपानी तथा सरसफाई","name":"Khane pani filter tank"}},{"type":"Feature","geometry":{"type":"Point","coordinates":[82.37719222553028,28.09735439776716]},"properties":{"cat":"खानेपानी तथा सरसफाई","name":"Jurpaniya mainatara khane pani office"}},{"type":"Feature","geometry":{"type":"Point","coordinates":[82.35933012652416,28.09709285464474]},"properties":{"cat":"खानेपानी तथा सरसफाई","name":"Bijauri-Beljhungi khane pani office"}},{"type":"Feature","geometry":{"type":"Point","coordinates":[82.35493624802007,28.08601145646877]},"properties":{"cat":"खानेपानी तथा सरसफाई","name":"mangari pani tanki"}},{"type":"Feature","geometry":{"type":"Point","coordinates":[82.33848833299365,28.0921293358171]},"properties":{"cat":"खानेपानी तथा सरसफाई","name":"Panchedhara"}},{"type":"Feature","geometry":{"type":"Point","coordinates":[82.3320877027072,28.08952092813552]},"properties":{"cat":"खानेपानी तथा सरसफाई","name":"Gau danda khane pani tanlk"}},{"type":"Feature","geometry":{"type":"Point","coordinates":[82.36763068665448,28.08761849881006]},"properties":{"cat":"खानेपानी तथा सरसफाई","name":"charchere khanipani office"}},{"type":"Feature","geometry":{"type":"Point","coordinates":[82.30142866415062,28.07973043182811]},"properties":{"cat":"खानेपानी तथा सरसफाई","name":"manpur duduwa khane pani office"}},{"type":"Feature","geometry":{"type":"Point","coordinates":[82.33320155465425,28.08124934867423]},"properties":{"cat":"खानेपानी तथा सरसफाई","name":"Gauridanda khane pani bhawan"}},{"type":"Feature","geometry":{"type":"Point","coordinates":[82.32579491216396,28.09237842623171]},"properties":{"cat":"खानेपानी तथा सरसफाई","name":"manpur Bakulahai khane pani tanki"}},{"type":"Feature","geometry":{"type":"Point","coordinates":[82.30180166067159,28.08460154300959]},"properties":{"cat":"खानेपानी तथा सरसफाई","name":"Khalalaurara khane pani tank"}},{"type":"Feature","geometry":{"type":"Point","coordinates":[82.30094088024003,28.07986221774908]},"properties":{"cat":"खानेपानी तथा सरसफाई","name":"Khane pani bhawan"}},{"type":"Feature","geometry":{"type":"Point","coordinates":[82.31583873263757,28.10576343042615]},"properties":{"cat":"खानेपानी तथा सरसफाई","name":"jahada majgau khane pani"}},{"type":"Feature","geometry":{"type":"Point","coordinates":[82.33149792088028,28.03931100594379]},"properties":{"cat":"खानेपानी तथा सरसफाई","name":"Khane pani tank"}},{"type":"Feature","geometry":{"type":"Point","coordinates":[82.31297365680821,28.04815202849065]},"properties":{"cat":"खानेपानी तथा सरसफाई","name":"Kanjwar samudayik rice mill"}},{"type":"Feature","geometry":{"type":"Point","coordinates":[82.34332091635056,28.00861250524221]},"properties":{"cat":"खानेपानी तथा सरसफाई","name":"Pananpur pahali khani pani"}},{"type":"Feature","geometry":{"type":"Point","coordinates":[82.28818747278883,28.0023264157174]},"properties":{"cat":"खानेपानी तथा सरसफाई","name":"chisapani khelmaidan"}},{"type":"Feature","geometry":{"type":"Point","coordinates":[82.24969583833543,28.02073729290792]},"properties":{"cat":"खानेपानी तथा सरसफाई","name":"Ambapuri tube well"}},{"type":"Feature","geometry":{"type":"Point","coordinates":[82.23845166430164,28.04200055685376]},"properties":{"cat":"खानेपानी तथा सरसफाई","name":"Dhakana khane pani"}},{"type":"Feature","geometry":{"type":"Point","coordinates":[82.24782282041205,28.02497067116337]},"properties":{"cat":"खानेपानी तथा सरसफाई","name":"Ambarpur khanepani tank"}},{"type":"Feature","geometry":{"type":"Point","coordinates":[82.25279250928018,28.11338785047099]},"properties":{"cat":"खानेपानी तथा सरसफाई","name":"deep boading"}},{"type":"Feature","geometry":{"type":"Point","coordinates":[82.22747443483469,28.02283820228486]},"properties":{"cat":"खानेपानी तथा सरसफाई","name":"Damargaun khane pani tank"}},{"type":"Feature","geometry":{"type":"Point","coordinates":[82.24412191717624,28.0198021006343]},"properties":{"cat":"खानेपानी तथा सरसफाई","name":"Ambapur khane pani tatha sarsafai office"}},{"type":"Feature","geometry":{"type":"Point","coordinates":[82.2319241325201,28.0254423103924]},"properties":{"cat":"खानेपानी तथा सरसफाई","name":"Damargaun khanepani bhawan"}},{"type":"Feature","geometry":{"type":"Point","coordinates":[82.28062649554063,28.08180877264799]},"properties":{"cat":"खानेपानी तथा सरसफाई","name":"बृहत दाङ उपत्यका सिंचाइ आयाेजना तुलसीपुर दाङ"}},{"type":"Feature","geometry":{"type":"Point","coordinates":[82.27994402422495,28.07018120046938]},"properties":{"cat":"खानेपानी तथा सरसफाई","name":"Tarigaun haripaura deep barding"}},{"type":"Feature","geometry":{"type":"Point","coordinates":[82.2745381776888,28.04965106887153]},"properties":{"cat":"खानेपानी तथा सरसफाई","name":"Gwarkhola khanepani sanstha"}},{"type":"Feature","geometry":{"type":"Point","coordinates":[82.2868842285844,28.01432521669289]},"properties":{"cat":"खानेपानी तथा सरसफाई","name":"Raniyapur khane pani tank"}},{"type":"Feature","geometry":{"type":"Point","coordinates":[82.25745416743915,28.03628118742847]},"properties":{"cat":"खानेपानी तथा सरसफाई","name":"Deep barding (khanepani- tulsipur)"}},{"type":"Feature","geometry":{"type":"Point","coordinates":[82.2949157876655,28.1076831466716]},"properties":{"cat":"खानेपानी तथा सरसफाई","name":"Tulsipur khane pani"}},{"type":"Feature","geometry":{"type":"Point","coordinates":[82.26430462955612,28.05428576325399]},"properties":{"cat":"खानेपानी तथा सरसफाई","name":"Deep barding"}},{"type":"Feature","geometry":{"type":"Point","coordinates":[82.29685057465075,28.11795786968665]},"properties":{"cat":"खानेपानी तथा सरसफाई","name":"MUNICIPALITY DUMPING SITE"}},{"type":"Feature","geometry":{"type":"Point","coordinates":[82.2910749707437,28.10527050192136]},"properties":{"cat":"खानेपानी तथा सरसफाई","name":"Khanepani tank"}},{"type":"Feature","geometry":{"type":"Point","coordinates":[82.24724373329016,28.08627829165223]},"properties":{"cat":"खानेपानी तथा सरसफाई","name":"TG3 Tubeweel"}},{"type":"Feature","geometry":{"type":"Point","coordinates":[82.25977815924881,28.04257626267642]},"properties":{"cat":"खानेपानी तथा सरसफाई","name":"Tulsipur khanepanio collection centre"}},{"type":"Feature","geometry":{"type":"Point","coordinates":[82.26361689893365,28.10760220702874]},"properties":{"cat":"खानेपानी तथा सरसफाई","name":"Chailahai bangaun khane pani"}},{"type":"Feature","geometry":{"type":"Point","coordinates":[82.24763013896991,28.09309295733683]},"properties":{"cat":"खानेपानी तथा सरसफाई","name":"Prakritik khanepani tank"}},{"type":"Feature","geometry":{"type":"Point","coordinates":[82.2955570999696,28.14829788044926]},"properties":{"cat":"खानेपानी तथा सरसफाई","name":"Amritpur water supply office"}},{"type":"Feature","geometry":{"type":"Point","coordinates":[82.2760469884374,28.1138201251037]},"properties":{"cat":"खानेपानी तथा सरसफाई","name":"Raikhalyan nayagaun khanepani"}},{"type":"Feature","geometry":{"type":"Point","coordinates":[82.25570221881566,28.09291379708353]},"properties":{"cat":"खानेपानी तथा सरसफाई","name":"Bangaun Deep tubewell sichai yogena"}},{"type":"Feature","geometry":{"type":"Point","coordinates":[82.26680422760461,28.10166873908478]},"properties":{"cat":"खानेपानी तथा सरसफाई","name":"Gaurigaun khanepani upobhokta samiti"}},{"type":"Feature","geometry":{"type":"Point","coordinates":[82.275792061184,28.09356118717649]},"properties":{"cat":"खानेपानी तथा सरसफाई","name":"Padda khane pani"}},{"type":"Feature","geometry":{"type":"Point","coordinates":[82.24720580700912,28.08625778513241]},"properties":{"cat":"खानेपानी तथा सरसफाई","name":"Bangai ghodadaura khane pani"}},{"type":"Feature","geometry":{"type":"Point","coordinates":[82.28579341757553,28.1048989592056]},"properties":{"cat":"खानेपानी तथा सरसफाई","name":"Golaura golauri khane pani"}},{"type":"Feature","geometry":{"type":"Point","coordinates":[82.25137214837709,28.09131973313984]},"properties":{"cat":"खानेपानी तथा सरसफाई","name":"TG2 Deep tubewell"}},{"type":"Feature","geometry":{"type":"Point","coordinates":[82.28198067359939,28.1432814837569]},"properties":{"cat":"खानेपानी तथा सरसफाई","name":"nawadurga khane pani tank"}},{"type":"Feature","geometry":{"type":"Point","coordinates":[82.29045133030756,28.21126444102473]},"properties":{"cat":"खानेपानी तथा सरसफाई","name":"pratap pur khane pani tank"}},{"type":"Feature","geometry":{"type":"Point","coordinates":[82.26801045164504,28.19330921282247]},"properties":{"cat":"खानेपानी तथा सरसफाई","name":"Bhatte khane pani tank"}},{"type":"Feature","geometry":{"type":"Point","coordinates":[82.29494722318263,28.19740678992225]},"properties":{"cat":"खानेपानी तथा सरसफाई","name":"Chisapani gaun khanepani tank 1"}},{"type":"Feature","geometry":{"type":"Point","coordinates":[82.29000324086492,28.2122141140285]},"properties":{"cat":"खानेपानी तथा सरसफाई","name":"Pratappur khane pani tank 1"}},{"type":"Feature","geometry":{"type":"Point","coordinates":[82.30114922129016,28.18781875497505]},"properties":{"cat":"खानेपानी तथा सरसफाई","name":"Chisapani gaun khane pani tank-2"}},{"type":"Feature","geometry":{"type":"Point","coordinates":[82.26176711370158,28.17589490779774]},"properties":{"cat":"खानेपानी तथा सरसफाई","name":"Pawan nagar khane pani sanstha"}},{"type":"Feature","geometry":{"type":"Point","coordinates":[82.27096008082948,28.17551721887589]},"properties":{"cat":"खानेपानी तथा सरसफाई","name":"Kaptan fulwari park"}},{"type":"Feature","geometry":{"type":"Point","coordinates":[82.27672064708709,28.23132121450711]},"properties":{"cat":"खानेपानी तथा सरसफाई","name":"Partapkot khane pani tank"}},{"type":"Feature","geometry":{"type":"Point","coordinates":[82.27084774755713,28.17524874651483]},"properties":{"cat":"खानेपानी तथा सरसफाई","name":"Bhatte khane pani tank"}},{"type":"Feature","geometry":{"type":"Point","coordinates":[82.30624426285698,28.18352133328716]},"properties":{"cat":"खानेपानी तथा सरसफाई","name":"Amritpur khane pani tank"}},{"type":"Feature","geometry":{"type":"Point","coordinates":[82.2883638876962,28.18807201191025]},"properties":{"cat":"खानेपानी तथा सरसफाई","name":"Thula samma sajha buta muhan"}},{"type":"Feature","geometry":{"type":"Point","coordinates":[82.29328275310938,28.09674297032478]},"properties":{"cat":"खानेपानी तथा सरसफाई","name":"Tarigaun khane pani"}},{"type":"Feature","geometry":{"type":"Point","coordinates":[82.22442284274447,28.07552526108906]},"properties":{"cat":"खानेपानी तथा सरसफाई","name":"Pani dhara-belghattawa jaruwa"}},{"type":"Feature","geometry":{"type":"Point","coordinates":[82.22960208659387,28.08232861600283]},"properties":{"cat":"खानेपानी तथा सरसफाई","name":"belganar sugaurabelgana khanepani tank"}},{"type":"Feature","geometry":{"type":"Point","coordinates":[82.3364208494947,28.13111879767694]},"properties":{"cat":"खानेपानी तथा सरसफाई","name":"sUNDAR kHANE pANI"}},{"type":"Feature","geometry":{"type":"Point","coordinates":[82.31167055566986,28.14435532897501]},"properties":{"cat":"खानेपानी तथा सरसफाई","name":"(Babai Shift Yogena)"}},{"type":"Feature","geometry":{"type":"Point","coordinates":[82.34775019939117,28.18862410596931]},"properties":{"cat":"खानेपानी तथा सरसफाई","name":"Barasingh khanepani tank"}},{"type":"Feature","geometry":{"type":"Point","coordinates":[82.31722275428702,28.16398422535749]},"properties":{"cat":"खानेपानी तथा सरसफाई","name":"Tulsipur khanepani tank"}},{"type":"Feature","geometry":{"type":"Point","coordinates":[82.34430359999999,28.17210389999999]},"properties":{"cat":"खानेपानी तथा सरसफाई","name":"Haldwar khanepani tank"}},{"type":"Feature","geometry":{"type":"Point","coordinates":[82.29616015378376,28.12398344099345]},"properties":{"cat":"खानेपानी तथा सरसफाई","name":"Tulsipur khane pani tatha sarsafai"}},{"type":"Feature","geometry":{"type":"Point","coordinates":[82.29063128586174,28.12471436332941]},"properties":{"cat":"खानेपानी तथा सरसफाई","name":"khane pani tank"}},{"type":"Feature","geometry":{"type":"Point","coordinates":[82.29101434099803,28.1279644474415]},"properties":{"cat":"खानेपानी तथा सरसफाई","name":"Shikhar khane pani"}},{"type":"Feature","geometry":{"type":"Point","coordinates":[82.28954189787731,28.11002766167048]},"properties":{"cat":"खानेपानी तथा सरसफाई","name":"Khane pani tank"}},{"type":"Feature","geometry":{"type":"Point","coordinates":[82.30037534076662,28.15884120651803]},"properties":{"cat":"खेलकुद तथा नवप्रवर्तन","name":"Damargaun chaur"}},{"type":"Feature","geometry":{"type":"Point","coordinates":[82.2745420569232,28.13484303402672]},"properties":{"cat":"खेलकुद तथा नवप्रवर्तन","name":"Karetee bhawan"}},{"type":"Feature","geometry":{"type":"Point","coordinates":[82.23956470308555,28.12060598957014]},"properties":{"cat":"खेलकुद तथा नवप्रवर्तन","name":"Khelkud maidan"}},{"type":"Feature","geometry":{"type":"Point","coordinates":[82.24156727534331,28.13855119876104]},"properties":{"cat":"खेलकुद तथा नवप्रवर्तन","name":"katike khelkud maidan"}},{"type":"Feature","geometry":{"type":"Point","coordinates":[82.37946916699075,28.12398175068427]},"properties":{"cat":"खेलकुद तथा नवप्रवर्तन","name":"Kranti sangralaya khel maidan"}},{"type":"Feature","geometry":{"type":"Point","coordinates":[82.36291720060477,28.09190034082926]},"properties":{"cat":"खेलकुद तथा नवप्रवर्तन","name":"Beljhundi Stadium"}},{"type":"Feature","geometry":{"type":"Point","coordinates":[82.33923997016964,28.09185200122175]},"properties":{"cat":"खेलकुद तथा नवप्रवर्तन","name":"Khel Maidan"}},{"type":"Feature","geometry":{"type":"Point","coordinates":[82.33296834058962,28.08071850025287]},"properties":{"cat":"खेलकुद तथा नवप्रवर्तन","name":"Khel maidan"}},{"type":"Feature","geometry":{"type":"Point","coordinates":[82.25820429626988,28.14207993942299]},"properties":{"cat":"खेलकुद तथा नवप्रवर्तन","name":"Khel maidan"}},{"type":"Feature","geometry":{"type":"Point","coordinates":[82.29675088109836,28.10531777895262]},"properties":{"cat":"खेलकुद तथा नवप्रवर्तन","name":"Tarigaun football stadium"}},{"type":"Feature","geometry":{"type":"Point","coordinates":[82.2988240035285,28.11513176129946]},"properties":{"cat":"खेलकुद तथा नवप्रवर्तन","name":"Mahendra ground"}},{"type":"Feature","geometry":{"type":"Point","coordinates":[82.28573979388985,28.1435934826886]},"properties":{"cat":"खेलकुद तथा नवप्रवर्तन","name":"Gairichaur khel maidan"}},{"type":"Feature","geometry":{"type":"Point","coordinates":[82.28982932134474,28.13886858181518]},"properties":{"cat":"खेलकुद तथा नवप्रवर्तन","name":"Success football ground"}},{"type":"Feature","geometry":{"type":"Point","coordinates":[82.29667604095044,28.18644424200908]},"properties":{"cat":"खेलकुद तथा नवप्रवर्तन","name":"Barakhali khelmaidan"}},{"type":"Feature","geometry":{"type":"Point","coordinates":[82.30688263124567,28.18408660589758]},"properties":{"cat":"खेलकुद तथा नवप्रवर्तन","name":"Moonlight club playground"}},{"type":"Feature","geometry":{"type":"Point","coordinates":[82.31090883661972,28.18900467390502]},"properties":{"cat":"खेलकुद तथा नवप्रवर्तन","name":"Shirkhola khel maidan"}},{"type":"Feature","geometry":{"type":"Point","coordinates":[82.2549556965199,28.171854347556]},"properties":{"cat":"खेलकुद तथा नवप्रवर्तन","name":"Khelmaidan"}},{"type":"Feature","geometry":{"type":"Point","coordinates":[82.24460462004294,28.15910152460638]},"properties":{"cat":"खेलकुद तथा नवप्रवर्तन","name":"Madan bhandari rangashala"}},{"type":"Feature","geometry":{"type":"Point","coordinates":[82.3205764306723,28.15703244207481]},"properties":{"cat":"खेलकुद तथा नवप्रवर्तन","name":"Khelkud Maidan-Tharugaira"}},{"type":"Feature","geometry":{"type":"Point","coordinates":[82.31653940643623,28.13692260916147]},"properties":{"cat":"खेलकुद तथा नवप्रवर्तन","name":"Gairakhali Footbal Ground"}},{"type":"Feature","geometry":{"type":"Point","coordinates":[82.34263984896546,28.18116672390594]},"properties":{"cat":"खेलकुद तथा नवप्रवर्तन","name":"School play ground"}},{"type":"Feature","geometry":{"type":"Point","coordinates":[82.34428696429342,28.17364284281607]},"properties":{"cat":"खेलकुद तथा नवप्रवर्तन","name":"Khelkud maidan"}},{"type":"Feature","geometry":{"type":"Point","coordinates":[82.30551208183755,28.13085742519877]},"properties":{"cat":"खेलकुद तथा नवप्रवर्तन","name":"Hattikhauwa khula maidan"}},{"type":"Feature","geometry":{"type":"Point","coordinates":[82.30411739999998,28.12645070000001]},"properties":{"cat":"खेलकुद तथा नवप्रवर्तन","name":"kabadhal"}},{"type":"Feature","geometry":{"type":"Point","coordinates":[82.3160963599976,28.11732841363184]},"properties":{"cat":"खेलकुद तथा नवप्रवर्तन","name":"Gauridanda khel maidan"}},{"type":"Feature","geometry":{"type":"Point","coordinates":[82.29212360613299,28.12769707163339]},"properties":{"cat":"खेलकुद तथा नवप्रवर्तन","name":"Futsal"}},{"type":"Feature","geometry":{"type":"Point","coordinates":[82.30513496050091,28.13339762144131]},"properties":{"cat":"शान्ति सुरक्षा","name":"Pradesh Prahari karyalaya and karaghar"}},{"type":"Feature","geometry":{"type":"Point","coordinates":[82.29661122310266,28.1234047060615]},"properties":{"cat":"शान्ति सुरक्षा","name":"Regional police office, tulsipur-6"}},{"type":"Feature","geometry":{"type":"Point","coordinates":[82.29797727785565,28.11938903133425]},"properties":{"cat":"शान्ति सुरक्षा","name":"Tulsipur sudar kendra"}},{"type":"Feature","geometry":{"type":"Point","coordinates":[82.29445952094812,28.09440059448391]},"properties":{"cat":"Temporary police station","name":"Asthai police chauki"}},{"type":"Feature","geometry":{"type":"Point","coordinates":[82.36050203826103,28.09532973780672]},"properties":{"cat":"Temporary police station","name":"Beljhundi Asthai prahari post"}},{"type":"Feature","geometry":{"type":"Point","coordinates":[82.24055450677471,28.12228919915355]},"properties":{"cat":"Temporary police station","name":"Balapur asthai police chauki"}},{"type":"Feature","geometry":{"type":"Point","coordinates":[82.39688056432408,28.15404639237848]},"properties":{"cat":"Temporary police station","name":"Asthai prahari chauki chillikot"}},{"type":"Feature","geometry":{"type":"Point","coordinates":[82.2297934,28.0264005]},"properties":{"cat":"Temporary police station","name":"अस्थायी प्रहरी पोष्ट दमारगाउँ"}},{"type":"Feature","geometry":{"type":"Point","coordinates":[82.32994460517924,28.03906767160193]},"properties":{"cat":"Police station","name":"Kothariya poilce chauki"}},{"type":"Feature","geometry":{"type":"Point","coordinates":[82.34755169999998,28.15686740000003]},"properties":{"cat":"Police station","name":"हलवार प्रहरी चौकी"}},{"type":"Feature","geometry":{"type":"Point","coordinates":[82.35244121163389,28.10550349397375]},"properties":{"cat":"Police station","name":"Hemantpur police station"}},{"type":"Feature","geometry":{"type":"Point","coordinates":[82.27679118589782,28.01015391279699]},"properties":{"cat":"Police station","name":"Fulwari Prahari chauki"}},{"type":"Feature","geometry":{"type":"Point","coordinates":[82.2944333,28.13678959999998]},"properties":{"cat":"Police station","name":"बेलुवा प्रहरी चौकी"}},{"type":"Feature","geometry":{"type":"Point","coordinates":[82.2678558,28.061152]},"properties":{"cat":"Police station","name":"प्रहरी चौकी उरहरी (जसपुर)"}},{"type":"Feature","geometry":{"type":"Point","coordinates":[82.28706248110498,28.12801364474076]},"properties":{"cat":"Army barack","name":"APF Base"}},{"type":"Feature","geometry":{"type":"Point","coordinates":[82.24316704245301,28.01796563988028]},"properties":{"cat":"Army barack","name":"2 no gan (army)"}},{"type":"Feature","geometry":{"type":"Point","coordinates":[82.29381621990545,28.12892279146927]},"properties":{"cat":"Army barack","name":"19 number Bahini Nepal army"}},{"type":"Feature","geometry":{"type":"Point","coordinates":[82.29257014390994,28.04950135864356]},"properties":{"cat":"Ilaka prahari","name":"Malawar Ilaka police station"}},{"type":"Feature","geometry":{"type":"Point","coordinates":[82.299217,28.13806690000003]},"properties":{"cat":"Ilaka prahari","name":"इ.प्र.का. तुलसीपुर"}},{"type":"Feature","geometry":{"type":"Point","coordinates":[82.28676054025222,28.13232626403396]},"properties":{"cat":"बस्ती, आवास, भवन तथा सार्वजनिक निर्माण","name":"Uchha adalat land"}},{"type":"Feature","geometry":{"type":"Point","coordinates":[82.31399109793082,28.17840195398979]},"properties":{"cat":"A. SAMUDAYIK BHAWAN","name":"Krishi bhawan"}},{"type":"Feature","geometry":{"type":"Point","coordinates":[82.31387073783758,28.17411134430646]},"properties":{"cat":"A. SAMUDAYIK BHAWAN","name":"Samardeshi yubaclub"}},{"type":"Feature","geometry":{"type":"Point","coordinates":[82.24749708174807,28.0343452031879]},"properties":{"cat":"A. SAMUDAYIK BHAWAN","name":"Didi ghar"}},{"type":"Feature","geometry":{"type":"Point","coordinates":[82.2857204278563,28.10446559495446]},"properties":{"cat":"A. SAMUDAYIK BHAWAN","name":"Safe house"}},{"type":"Feature","geometry":{"type":"Point","coordinates":[82.24506027214872,28.02556392574425]},"properties":{"cat":"A. SAMUDAYIK BHAWAN","name":"Maya sadan"}},{"type":"Feature","geometry":{"type":"Point","coordinates":[82.29945814645978,28.13764849289476]},"properties":{"cat":"A. SAMUDAYIK BHAWAN","name":"Bridha sewa samiti bhawan"}},{"type":"Feature","geometry":{"type":"Point","coordinates":[82.24477479836918,28.13980041273022]},"properties":{"cat":"A. SAMUDAYIK BHAWAN","name":"Kateke samudayik bhawan"}},{"type":"Feature","geometry":{"type":"Point","coordinates":[82.24213849510193,28.13476737184762]},"properties":{"cat":"A. SAMUDAYIK BHAWAN","name":"Monikapur samudayik bhawan"}},{"type":"Feature","geometry":{"type":"Point","coordinates":[82.2994649397938,28.13773747752339]},"properties":{"cat":"A. SAMUDAYIK BHAWAN","name":"Nibartaman union bhawan"}},{"type":"Feature","geometry":{"type":"Point","coordinates":[82.29690133691142,28.13654654313234]},"properties":{"cat":"A. SAMUDAYIK BHAWAN","name":"Pragatishil samudayik bhawan"}},{"type":"Feature","geometry":{"type":"Point","coordinates":[82.29463941317209,28.13171856884922]},"properties":{"cat":"A. SAMUDAYIK BHAWAN","name":"Mahila samudayik bhawan"}},{"type":"Feature","geometry":{"type":"Point","coordinates":[82.37852454120589,28.14076590729772]},"properties":{"cat":"A. SAMUDAYIK BHAWAN","name":"Syalapani samudayik bhawan"}},{"type":"Feature","geometry":{"type":"Point","coordinates":[82.2516658562903,28.14741613943288]},"properties":{"cat":"A. SAMUDAYIK BHAWAN","name":"Bhamake samudayik bhawan"}},{"type":"Feature","geometry":{"type":"Point","coordinates":[82.40492437208425,28.12702209233274]},"properties":{"cat":"A. SAMUDAYIK BHAWAN","name":"Siddhababa tol bhawan"}},{"type":"Feature","geometry":{"type":"Point","coordinates":[82.35812710904194,28.11548324733348]},"properties":{"cat":"A. SAMUDAYIK BHAWAN","name":"Pakare samudayik bhawan"}},{"type":"Feature","geometry":{"type":"Point","coordinates":[82.29983319217786,28.07895651230111]},"properties":{"cat":"A. SAMUDAYIK BHAWAN","name":"malawari jalupobhokta samuha bhawan"}},{"type":"Feature","geometry":{"type":"Point","coordinates":[82.33948266705539,28.08459943341061]},"properties":{"cat":"A. SAMUDAYIK BHAWAN","name":"Jesthanagarik bhawan"}},{"type":"Feature","geometry":{"type":"Point","coordinates":[82.3545973941395,28.07926467679298]},"properties":{"cat":"A. SAMUDAYIK BHAWAN","name":"Jamera samudayik bhawan"}},{"type":"Feature","geometry":{"type":"Point","coordinates":[82.37916167269883,28.09916620778915]},"properties":{"cat":"A. SAMUDAYIK BHAWAN","name":"Yog bhawan"}},{"type":"Feature","geometry":{"type":"Point","coordinates":[82.34009188238129,28.0838119265957]},"properties":{"cat":"A. SAMUDAYIK BHAWAN","name":"Samudayik bhawan-namuna mahila ban"}},{"type":"Feature","geometry":{"type":"Point","coordinates":[82.31033666380169,28.03067884552143]},"properties":{"cat":"A. SAMUDAYIK BHAWAN","name":"matera samudik bhawan"}},{"type":"Feature","geometry":{"type":"Point","coordinates":[82.31377309071334,28.08776900569093]},"properties":{"cat":"A. SAMUDAYIK BHAWAN","name":"Sanneywa tol bikash samiti bhawan"}},{"type":"Feature","geometry":{"type":"Point","coordinates":[82.31306442775146,28.04809725629006]},"properties":{"cat":"A. SAMUDAYIK BHAWAN","name":"Kanjwar samudayik bhawan"}},{"type":"Feature","geometry":{"type":"Point","coordinates":[82.34474539370167,28.0199290261001]},"properties":{"cat":"A. SAMUDAYIK BHAWAN","name":"Jitpur samudayik bhawan"}},{"type":"Feature","geometry":{"type":"Point","coordinates":[82.37521863615088,28.07226394876282]},"properties":{"cat":"A. SAMUDAYIK BHAWAN","name":"majgaun Samudayik bhawan (Gaun Ghar khop clinic)"}},{"type":"Feature","geometry":{"type":"Point","coordinates":[82.34102161120693,28.02142709198066]},"properties":{"cat":"A. SAMUDAYIK BHAWAN","name":"Dabakpur samudayik bhawan"}},{"type":"Feature","geometry":{"type":"Point","coordinates":[82.30912981564691,28.0722040906856]},"properties":{"cat":"A. SAMUDAYIK BHAWAN","name":"samudayik bhawan-utta kurharia"}},{"type":"Feature","geometry":{"type":"Point","coordinates":[82.24333000888298,28.01805100632228]},"properties":{"cat":"A. SAMUDAYIK BHAWAN","name":"ban bhawan"}},{"type":"Feature","geometry":{"type":"Point","coordinates":[82.2738885647788,28.14702249348169]},"properties":{"cat":"A. SAMUDAYIK BHAWAN","name":"Base bhawan- parot kakshya"}},{"type":"Feature","geometry":{"type":"Point","coordinates":[82.25286994506985,28.11319707691911]},"properties":{"cat":"A. SAMUDAYIK BHAWAN","name":"Dhakia samuha bhawan"}},{"type":"Feature","geometry":{"type":"Point","coordinates":[82.28028226648763,28.13460361575565]},"properties":{"cat":"A. SAMUDAYIK BHAWAN","name":"Tharu sanskrit bhawan"}},{"type":"Feature","geometry":{"type":"Point","coordinates":[82.34445469481818,28.17238621842516]},"properties":{"cat":"A. SAMUDAYIK BHAWAN","name":"Sukidaha samudayik bhawan"}},{"type":"Feature","geometry":{"type":"Point","coordinates":[82.31654694027628,28.13113990678911]},"properties":{"cat":"A. SAMUDAYIK BHAWAN","name":"Gairakhali samudayik ban bhawan"}},{"type":"Feature","geometry":{"type":"Point","coordinates":[82.26176066391767,28.14192780641229]},"properties":{"cat":"A. SAMUDAYIK BHAWAN","name":"Samudayik ban bhawan"}},{"type":"Feature","geometry":{"type":"Point","coordinates":[82.27115316735471,28.14380106426592]},"properties":{"cat":"A. SAMUDAYIK BHAWAN","name":"Katkuiya samudayik bhawan"}},{"type":"Feature","geometry":{"type":"Point","coordinates":[82.24240141660272,28.08804162408993]},"properties":{"cat":"A. SAMUDAYIK BHAWAN","name":"Bangai samudayik bhawan"}},{"type":"Feature","geometry":{"type":"Point","coordinates":[82.2601058846107,28.08120438087259]},"properties":{"cat":"A. SAMUDAYIK BHAWAN","name":"Abhyanagar tol bikash bhawan"}},{"type":"Feature","geometry":{"type":"Point","coordinates":[82.25807316147828,28.10122506917892]},"properties":{"cat":"A. SAMUDAYIK BHAWAN","name":"Jestha nagarik bhawan"}},{"type":"Feature","geometry":{"type":"Point","coordinates":[82.25318459580305,28.1135521931547]},"properties":{"cat":"A. SAMUDAYIK BHAWAN","name":"Mayalu samudayik bhawan"}},{"type":"Feature","geometry":{"type":"Point","coordinates":[82.24886296416267,28.17250784921029]},"properties":{"cat":"A. SAMUDAYIK BHAWAN","name":"Nawa durga samudayik ban bhawan"}},{"type":"Feature","geometry":{"type":"Point","coordinates":[82.25448211085431,28.16500496105051]},"properties":{"cat":"A. SAMUDAYIK BHAWAN","name":"Komal gaun yoga bhawan"}},{"type":"Feature","geometry":{"type":"Point","coordinates":[82.25034099543102,28.16318719536642]},"properties":{"cat":"A. SAMUDAYIK BHAWAN","name":"Janata samudayik ban bhawan"}},{"type":"Feature","geometry":{"type":"Point","coordinates":[82.262083558645,28.175563839214]},"properties":{"cat":"A. SAMUDAYIK BHAWAN","name":"Manakamana samudayik bhawan"}},{"type":"Feature","geometry":{"type":"Point","coordinates":[82.24367651339766,28.15687700685622]},"properties":{"cat":"A. SAMUDAYIK BHAWAN","name":"Jestha nagarik bhawan"}},{"type":"Feature","geometry":{"type":"Point","coordinates":[82.32922949200234,28.13409201736038]},"properties":{"cat":"A. SAMUDAYIK BHAWAN","name":"Dharapani Samudayik ban bhawan"}},{"type":"Feature","geometry":{"type":"Point","coordinates":[82.32942617089577,28.13423524814722]},"properties":{"cat":"A. SAMUDAYIK BHAWAN","name":"Sarbajanik Kot bhawan"}},{"type":"Feature","geometry":{"type":"Point","coordinates":[82.33536971413479,28.19919245861872]},"properties":{"cat":"A. SAMUDAYIK BHAWAN","name":"Samudayik ban bhawan???"}},{"type":"Feature","geometry":{"type":"Point","coordinates":[82.25275048567497,28.04732952075843]},"properties":{"cat":"A. SAMUDAYIK BHAWAN","name":"Tolbikash samiti bhawan"}},{"type":"Feature","geometry":{"type":"Point","coordinates":[82.34657383575914,28.16219243333902]},"properties":{"cat":"A. SAMUDAYIK BHAWAN","name":"Nyauli samudayik bhawan"}},{"type":"Feature","geometry":{"type":"Point","coordinates":[82.28950659513438,28.10104025572319]},"properties":{"cat":"A. SAMUDAYIK BHAWAN","name":"Abhaya sahid gate"}},{"type":"Feature","geometry":{"type":"Point","coordinates":[82.35196804772967,28.12978097056038]},"properties":{"cat":"B.PRATIKSHAYALA/GATE/basti","name":"Basgadi Chowk"}},{"type":"Feature","geometry":{"type":"Point","coordinates":[82.25149016939241,28.14740550364385]},"properties":{"cat":"B.PRATIKSHAYALA/GATE/basti","name":"Pratikshayala"}},{"type":"Feature","geometry":{"type":"Point","coordinates":[82.34695725087326,28.11456790824455]},"properties":{"cat":"B.PRATIKSHAYALA/GATE/basti","name":"Hadime chowk"}},{"type":"Feature","geometry":{"type":"Point","coordinates":[82.35187568498058,28.11862921156913]},"properties":{"cat":"B.PRATIKSHAYALA/GATE/basti","name":"Basgadi kharkhare chowk"}},{"type":"Feature","geometry":{"type":"Point","coordinates":[82.27864774947045,28.05241788135627]},"properties":{"cat":"B.PRATIKSHAYALA/GATE/basti","name":"Pratikshayala"}},{"type":"Feature","geometry":{"type":"Point","coordinates":[82.35457716917061,28.12165676457075]},"properties":{"cat":"B.PRATIKSHAYALA/GATE/basti","name":"jharipani chowk"}},{"type":"Feature","geometry":{"type":"Point","coordinates":[82.2423909357696,28.02913679964339]},"properties":{"cat":"B.PRATIKSHAYALA/GATE/basti","name":"Shalikram pratikshyala"}},{"type":"Feature","geometry":{"type":"Point","coordinates":[82.34434442584325,28.07997289109586]},"properties":{"cat":"B.PRATIKSHAYALA/GATE/basti","name":"pratikshayala"}},{"type":"Feature","geometry":{"type":"Point","coordinates":[82.31607721767132,28.02074813443501]},"properties":{"cat":"B.PRATIKSHAYALA/GATE/basti","name":"Pratikshyala"}},{"type":"Feature","geometry":{"type":"Point","coordinates":[82.31519220000001,28.07678569999998]},"properties":{"cat":"B.PRATIKSHAYALA/GATE/basti","name":"Pharsharam pratisthan"}},{"type":"Feature","geometry":{"type":"Point","coordinates":[82.35848445438344,28.12550246229103]},"properties":{"cat":"B.PRATIKSHAYALA/GATE/basti","name":"Kharkhare"}},{"type":"Feature","geometry":{"type":"Point","coordinates":[82.26961651239921,28.13871086297268]},"properties":{"cat":"B.PRATIKSHAYALA/GATE/basti","name":"Pratikshayala"}},{"type":"Feature","geometry":{"type":"Point","coordinates":[82.23089633952397,28.02798481025861]},"properties":{"cat":"B.PRATIKSHAYALA/GATE/basti","name":"Dangisharan sahit gate"}},{"type":"Feature","geometry":{"type":"Point","coordinates":[82.24284120082118,28.0285275288014]},"properties":{"cat":"B.PRATIKSHAYALA/GATE/basti","name":"Army pratikshayala"}},{"type":"Feature","geometry":{"type":"Point","coordinates":[82.29412939728758,28.11181264823894]},"properties":{"cat":"सडक, पुल तथा यातायात","name":"Dang Airport"}},{"type":"Feature","geometry":{"type":"Point","coordinates":[82.304088,28.1306257]},"properties":{"cat":"सडक, पुल तथा यातायात","name":"यादव ड्राइभिङ सेन्टर"}},{"type":"Feature","geometry":{"type":"Point","coordinates":[82.29296491206121,28.13230028628158]},"properties":{"cat":"सडक, पुल तथा यातायात","name":"Tulsipur buspark"}},{"type":"Feature","geometry":{"type":"Point","coordinates":[82.29432223798722,28.13479213492803]},"properties":{"cat":"सडक, पुल तथा यातायात","name":"Patukhola bridge"}},{"type":"Feature","geometry":{"type":"Point","coordinates":[82.33999859999999,28.11399339999998]},"properties":{"cat":"सडक, पुल तथा यातायात","name":"मलिका कालिका यातायत टिकट काउन्टर"}},{"type":"Feature","geometry":{"type":"Point","coordinates":[82.33993020000004,28.1140419]},"properties":{"cat":"सडक, पुल तथा यातायात","name":"राप्ती यातायत सेवा प्रा.लि."}},{"type":"Feature","geometry":{"type":"Point","coordinates":[82.36442135306915,28.15062858143634]},"properties":{"cat":"सडक, पुल तथा यातायात","name":"Pratikshayala (Dabar Bus stop)"}},{"type":"Feature","geometry":{"type":"Point","coordinates":[82.35196248601514,28.11098751927348]},"properties":{"cat":"सडक, पुल तथा यातायात","name":"Chawa khola bridge"}},{"type":"Feature","geometry":{"type":"Point","coordinates":[82.36640140686279,28.11656186995785]},"properties":{"cat":"सडक, पुल तथा यातायात","name":"Hattikhal Bridge"}},{"type":"Feature","geometry":{"type":"Point","coordinates":[82.3535494297328,28.14224184300411]},"properties":{"cat":"सडक, पुल तथा यातायात","name":"Jhulungepul- gwarkhola"}},{"type":"Feature","geometry":{"type":"Point","coordinates":[82.34341538536185,28.08155805898444]},"properties":{"cat":"सडक, पुल तथा यातायात","name":"Chauwa khola pool"}},{"type":"Feature","geometry":{"type":"Point","coordinates":[82.34140978815691,28.08268414932165]},"properties":{"cat":"सडक, पुल तथा यातायात","name":"Jhulunge pool"}},{"type":"Feature","geometry":{"type":"Point","coordinates":[82.33062894337912,28.0758221431633]},"properties":{"cat":"सडक, पुल तथा यातायात","name":"Jituwa Bridge"}},{"type":"Feature","geometry":{"type":"Point","coordinates":[82.32132178158685,28.02149670573419]},"properties":{"cat":"सडक, पुल तथा यातायात","name":"Luha Dabra Bridge"}},{"type":"Feature","geometry":{"type":"Point","coordinates":[82.30348792811171,28.03508917716831]},"properties":{"cat":"सडक, पुल तथा यातायात","name":"Babai Bridge"}},{"type":"Feature","geometry":{"type":"Point","coordinates":[82.29329746079028,27.99758406453246]},"properties":{"cat":"सडक, पुल तथा यातायात","name":"Gaikhotti jhulunge pool"}},{"type":"Feature","geometry":{"type":"Point","coordinates":[82.31065588179717,27.98830005344318]},"properties":{"cat":"सडक, पुल तथा यातायात","name":"Dhungeghat jhulunge pool"}},{"type":"Feature","geometry":{"type":"Point","coordinates":[82.24363701450581,28.01865926764947]},"properties":{"cat":"सडक, पुल तथा यातायात","name":"Aambapur jhulunge pool"}},{"type":"Feature","geometry":{"type":"Point","coordinates":[82.22945235491231,28.04576661942057]},"properties":{"cat":"सडक, पुल तथा यातायात","name":"Dangisaran bridge"}},{"type":"Feature","geometry":{"type":"Point","coordinates":[82.25376504256616,28.04072594148281]},"properties":{"cat":"सडक, पुल तथा यातायात","name":"Babai river bridge"}},{"type":"Feature","geometry":{"type":"Point","coordinates":[82.2242144066048,28.04358801843874]},"properties":{"cat":"सडक, पुल तथा यातायात","name":"Dhakana jhulunge pool"}},{"type":"Feature","geometry":{"type":"Point","coordinates":[82.29874256133544,28.17505299936866]},"properties":{"cat":"सडक, पुल तथा यातायात","name":"Bishmore bridge"}},{"type":"Feature","geometry":{"type":"Point","coordinates":[82.27712416358811,28.1450951239401]},"properties":{"cat":"सडक, पुल तथा यातायात","name":"Gahatekhola bridge"}},{"type":"Feature","geometry":{"type":"Point","coordinates":[82.27605026262685,28.1448426356368]},"properties":{"cat":"सडक, पुल तथा यातायात","name":"Gahatekhola jhulunge pool"}},{"type":"Feature","geometry":{"type":"Point","coordinates":[82.27119774250879,28.11622455895448]},"properties":{"cat":"सडक, पुल तथा यातायात","name":"Raikhalyan bridge"}},{"type":"Feature","geometry":{"type":"Point","coordinates":[82.28036280375652,28.15511243284779]},"properties":{"cat":"सडक, पुल तथा यातायात","name":"Jhulunge pul-shivpurtol"}},{"type":"Feature","geometry":{"type":"Point","coordinates":[82.28135134109746,28.16100664769747]},"properties":{"cat":"सडक, पुल तथा यातायात","name":"Tust bridge"}},{"type":"Feature","geometry":{"type":"Point","coordinates":[82.28639022397547,28.16820203702392]},"properties":{"cat":"सडक, पुल तथा यातायात","name":"Tribeni bridge"}},{"type":"Feature","geometry":{"type":"Point","coordinates":[82.31041558409022,28.2209371340119]},"properties":{"cat":"सडक, पुल तथा यातायात","name":"Jhulunge pul"}},{"type":"Feature","geometry":{"type":"Point","coordinates":[82.3144703099269,28.17109729242574]},"properties":{"cat":"सडक, पुल तथा यातायात","name":"Gothikhola pul"}},{"type":"Feature","geometry":{"type":"Point","coordinates":[82.23435007944396,28.02918378794141]},"properties":{"cat":"सडक, पुल तथा यातायात","name":"Damargaun bridge"}},{"type":"Feature","geometry":{"type":"Point","coordinates":[82.30067492352183,28.14600665555723]},"properties":{"cat":"सडक, पुल तथा यातायात","name":"Jhulunge pol"}},{"type":"Feature","geometry":{"type":"Point","coordinates":[82.26551611305776,28.21357532323058]},"properties":{"cat":"सडक, पुल तथा यातायात","name":"Bhamake khola jhulunge pul"}},{"type":"Feature","geometry":{"type":"Point","coordinates":[82.26738306940824,28.19391306114139]},"properties":{"cat":"सडक, पुल तथा यातायात","name":"Thatigaun bhamake khola pul"}},{"type":"Feature","geometry":{"type":"Point","coordinates":[82.23811720318149,28.17092162125434]},"properties":{"cat":"सडक, पुल तथा यातायात","name":"Dharapani jhulunge pul"}},{"type":"Feature","geometry":{"type":"Point","coordinates":[82.21950092088956,28.06271874389589]},"properties":{"cat":"सडक, पुल तथा यातायात","name":"Goltapuri-sukaura jhulunge pool"}},{"type":"Feature","geometry":{"type":"Point","coordinates":[82.33346566324155,28.1372959222164]},"properties":{"cat":"सडक, पुल तथा यातायात","name":"Ranighat bridge"}},{"type":"Feature","geometry":{"type":"Point","coordinates":[82.33517008359503,28.1362915688284]},"properties":{"cat":"सडक, पुल तथा यातायात","name":"Betanya Bridge"}},{"type":"Feature","geometry":{"type":"Point","coordinates":[82.34298299752761,28.14038562319339]},"properties":{"cat":"सडक, पुल तथा यातायात","name":"Dabar jhulunge pul"}},{"type":"Feature","geometry":{"type":"Point","coordinates":[82.33514740172015,28.16018268744948]},"properties":{"cat":"सडक, पुल तथा यातायात","name":"Ranighat banahari pul"}},{"type":"Feature","geometry":{"type":"Point","coordinates":[82.37725817359606,28.16230640433415]},"properties":{"cat":"सडक, पुल तथा यातायात","name":"Gwarkhola jhulunge pool"}},{"type":"Feature","geometry":{"type":"Point","coordinates":[82.29958696925115,28.13552213160346]},"properties":{"cat":"सूचना, सञ्चार तथा प्रविधि","name":"Nepal telicome"}},{"type":"Feature","geometry":{"type":"Point","coordinates":[82.39678030135818,28.15395953687627]},"properties":{"cat":"NAMESTA","name":"Namesta tower"}},{"type":"Feature","geometry":{"type":"Point","coordinates":[82.24789084125479,28.02573356012598]},"properties":{"cat":"NAMESTA","name":"Namesta tower"}},{"type":"Feature","geometry":{"type":"Point","coordinates":[82.30780053623882,28.05448693486172]},"properties":{"cat":"NAMESTA","name":"Namesta tower"}},{"type":"Feature","geometry":{"type":"Point","coordinates":[82.33567774972171,28.04383857994439]},"properties":{"cat":"NCELL","name":"Ncell Tower"}},{"type":"Feature","geometry":{"type":"Point","coordinates":[82.31083907289663,28.0481102747149]},"properties":{"cat":"NCELL","name":"Ncell tower"}},{"type":"Feature","geometry":{"type":"Point","coordinates":[82.23716404770295,28.08306086719866]},"properties":{"cat":"NCELL","name":"Ncell tower"}},{"type":"Feature","geometry":{"type":"Point","coordinates":[82.35142239936489,28.10518187936837]},"properties":{"cat":"RADIO","name":"Radio Nepal station"}},{"type":"Feature","geometry":{"type":"Point","coordinates":[82.2956395,28.12777380000001]},"properties":{"cat":"RADIO","name":"रेडियो तुलसीपुर"}},{"type":"Feature","geometry":{"type":"Point","coordinates":[82.29965543622083,28.13608063268772]},"properties":{"cat":"RADIO","name":"Rdaio prakriti"}},{"type":"Feature","geometry":{"type":"Point","coordinates":[82.30579640000002,28.132507]},"properties":{"cat":"RADIO","name":"रेडियो हाम्रो पहुँच"}},{"type":"Feature","geometry":{"type":"Point","coordinates":[82.34342428315006,28.08215961054563]},"properties":{"cat":"बन तथा जैविक विविधता","name":"Namuna mahila samudayik ban"}},{"type":"Feature","geometry":{"type":"Point","coordinates":[82.3834110864793,28.11289368567931]},"properties":{"cat":"बन तथा जैविक विविधता","name":"Ambu kholi samudayik ban"}},{"type":"Feature","geometry":{"type":"Point","coordinates":[82.33552397011285,28.07931476859554]},"properties":{"cat":"बन तथा जैविक विविधता","name":"Shrijana mahila samudayik ban"}},{"type":"Feature","geometry":{"type":"Point","coordinates":[82.23287472651987,28.14181943571617]},"properties":{"cat":"बन तथा जैविक विविधता","name":"Bheudar sunpur samudayik ban"}},{"type":"Feature","geometry":{"type":"Point","coordinates":[82.37670942089426,28.12117972328985]},"properties":{"cat":"बन तथा जैविक विविधता","name":"Mahila samuyaik ban"}},{"type":"Feature","geometry":{"type":"Point","coordinates":[82.38490159251567,28.09529679461307]},"properties":{"cat":"बन तथा जैविक विविधता","name":"Kartike rani samudayik  ban"}},{"type":"Feature","geometry":{"type":"Point","coordinates":[82.29893335531635,28.0875505294275]},"properties":{"cat":"बन तथा जैविक विविधता","name":"Pardiya danda samudayik ban"}},{"type":"Feature","geometry":{"type":"Point","coordinates":[82.24726199395813,28.02968758757122]},"properties":{"cat":"बन तथा जैविक विविधता","name":"Newarikot samudayik bhawan"}},{"type":"Feature","geometry":{"type":"Point","coordinates":[82.23953734917598,28.02178392514775]},"properties":{"cat":"बन तथा जैविक विविधता","name":"Ambikeshwori samudayik ban"}},{"type":"Feature","geometry":{"type":"Point","coordinates":[82.30434516509695,28.20609948853578]},"properties":{"cat":"बन तथा जैविक विविधता","name":"Dharamshala samudayik ban parking"}},{"type":"Feature","geometry":{"type":"Point","coordinates":[82.32422750420744,28.14305043180197]},"properties":{"cat":"बन तथा जैविक विविधता","name":"Shree ganesh samudayik forest"}},{"type":"Feature","geometry":{"type":"Point","coordinates":[82.29609738569418,28.11235841109664]},"properties":{"cat":"बन तथा जैविक विविधता","name":"TARUN COMMUNITY FOREST"}},{"type":"Feature","geometry":{"type":"Point","coordinates":[82.2807091685577,28.12109855604854]},"properties":{"cat":"बन तथा जैविक विविधता","name":"Saraswati community foreest"}},{"type":"Feature","geometry":{"type":"Point","coordinates":[82.32426534039645,28.13179622214225]},"properties":{"cat":"बन तथा जैविक विविधता","name":"Dharapani Samudayik Ban"}},{"type":"Feature","geometry":{"type":"Point","coordinates":[82.2155575791144,28.06732351610201]},"properties":{"cat":"बन तथा जैविक विविधता","name":"Motipur community forest"}},{"type":"Feature","geometry":{"type":"Point","coordinates":[82.21056217888932,28.06805841318776]},"properties":{"cat":"बन तथा जैविक विविधता","name":"Charkatta community forest"}},{"type":"Feature","geometry":{"type":"Point","coordinates":[82.25777626387257,28.08410046757099]},"properties":{"cat":"बन तथा जैविक विविधता","name":"Loktantrik samudayik ban"}},{"type":"Feature","geometry":{"type":"Point","coordinates":[82.34712200421632,28.14090747669661]},"properties":{"cat":"बन तथा जैविक विविधता","name":"Halwar samudayik ban"}},{"type":"Feature","geometry":{"type":"Point","coordinates":[82.29878868722557,28.13624592593044]},"properties":{"cat":"Gov offices","name":"Ilaka prasasan karyalaya"}},{"type":"Feature","geometry":{"type":"Point","coordinates":[82.3403270173023,28.1140700164735]},"properties":{"cat":"Gov offices","name":"Udhyog Banijaya Sangh"}},{"type":"Feature","geometry":{"type":"Point","coordinates":[82.34025312669692,28.11403984754119]},"properties":{"cat":"Gov offices","name":"Nepal Red Cross- Bijauri"}},{"type":"Feature","geometry":{"type":"Point","coordinates":[82.33182535844557,28.08975539619115]},"properties":{"cat":"Gov offices","name":"Nepal Redcross-Gaun Danda"}},{"type":"Feature","geometry":{"type":"Point","coordinates":[82.38614912102159,28.07246120233821]},"properties":{"cat":"Gov offices","name":"Bidek sanatan hindu praisat nepal"}},{"type":"Feature","geometry":{"type":"Point","coordinates":[82.31647354345164,28.02016110111377]},"properties":{"cat":"Gov offices","name":"Pashu sewa Kendra"}},{"type":"Feature","geometry":{"type":"Point","coordinates":[82.25369438601791,28.03529117416048]},"properties":{"cat":"Gov offices","name":"khani bibhag bhawan"}},{"type":"Feature","geometry":{"type":"Point","coordinates":[82.29874305489632,28.118178396293]},"properties":{"cat":"Gov offices","name":"SAMAJIK DIVISION KARYALAYA"}},{"type":"Feature","geometry":{"type":"Point","coordinates":[82.25136802324425,28.05546234385806]},"properties":{"cat":"Gov offices","name":"Pashu sewa kendra"}},{"type":"Feature","geometry":{"type":"Point","coordinates":[82.30405776448569,28.11914480367465]},"properties":{"cat":"Gov offices","name":"Yatayat karyalaya"}},{"type":"Feature","geometry":{"type":"Point","coordinates":[82.29454283346074,28.12789751329255]},"properties":{"cat":"Gov offices","name":"Uchha Adalat"}},{"type":"Feature","geometry":{"type":"Point","coordinates":[82.30196951530249,28.12443751646295]},"properties":{"cat":"Gov offices","name":"Driving license trial center (yayatat office)"}},{"type":"Feature","geometry":{"type":"Point","coordinates":[82.30078519427474,28.13272111662144]},"properties":{"cat":"Gov offices","name":"Bidhut pradhikaran, tulsipur"}},{"type":"Feature","geometry":{"type":"Point","coordinates":[82.2945161980714,28.12329473100523]},"properties":{"cat":"Gov offices","name":"Sichai karyalaya??"}},{"type":"Feature","geometry":{"type":"Point","coordinates":[82.29510357020672,28.12224412448603]},"properties":{"cat":"Gov offices","name":"Bhu tatha jaladhar karyalaya"}},{"type":"Feature","geometry":{"type":"Point","coordinates":[82.29749233239441,28.12703402418387]},"properties":{"cat":"Gov offices","name":"Antarik Rajeshow karayala- temporary"}},{"type":"Feature","geometry":{"type":"Point","coordinates":[82.2966759487231,28.12563920663112]},"properties":{"cat":"Gov offices","name":"Post office, tulsipur"}},{"type":"Feature","geometry":{"type":"Point","coordinates":[82.2967106881832,28.12791282916406]},"properties":{"cat":"Gov offices","name":"Napi karyalaya"}},{"type":"Feature","geometry":{"type":"Point","coordinates":[82.29461678420913,28.12754584689387]},"properties":{"cat":"Gov offices","name":"Uchha sarkari okil office"}},{"type":"Feature","geometry":{"type":"Point","coordinates":[82.29446766134635,28.12683119839872]},"properties":{"cat":"Gov offices","name":"Lok sewa aayog"}},{"type":"Feature","geometry":{"type":"Point","coordinates":[82.29525283826824,28.1268128575317]},"properties":{"cat":"Gov offices","name":"Malpot office"}},{"type":"Feature","geometry":{"type":"Point","coordinates":[82.29811689999998,28.13096870000001]},"properties":{"cat":"SUB-METROPOILTIAN CITY","name":"तुलसीपुर दमकल not available now"}},{"type":"Feature","geometry":{"type":"Point","coordinates":[82.298295,28.13081379999998]},"properties":{"cat":"SUB-METROPOILTIAN CITY","name":"तुलसीपुर उपमहानगरपालिका कार्यालय"}},{"type":"Feature","geometry":{"type":"Point","coordinates":[82.24217755845022,28.15789558491627]},"properties":{"cat":"WARD OFFICES","name":"Ward 1 office"}},{"type":"Feature","geometry":{"type":"Point","coordinates":[82.24771976395341,28.13467740931426]},"properties":{"cat":"WARD OFFICES","name":"Ward 2 office"}},{"type":"Feature","geometry":{"type":"Point","coordinates":[82.30497712548754,28.16315014153597]},"properties":{"cat":"WARD OFFICES","name":"ward 3 office"}},{"type":"Feature","geometry":{"type":"Point","coordinates":[82.34036738132603,28.1549190951295]},"properties":{"cat":"WARD OFFICES","name":"Ward 4 office"}},{"type":"Feature","geometry":{"type":"Point","coordinates":[82.29745247122416,28.13396669377695]},"properties":{"cat":"WARD OFFICES","name":"Ward 5 office"}},{"type":"Feature","geometry":{"type":"Point","coordinates":[82.29956481608625,28.12796099089431]},"properties":{"cat":"WARD OFFICES","name":"ward 6 office"}},{"type":"Feature","geometry":{"type":"Point","coordinates":[82.31112884728063,28.14461667271198]},"properties":{"cat":"WARD OFFICES","name":"ward 7 office (Kharchawa)"}},{"type":"Feature","geometry":{"type":"Point","coordinates":[82.27619047435749,28.13654891805094]},"properties":{"cat":"WARD OFFICES","name":"Ward 8 office"}},{"type":"Feature","geometry":{"type":"Point","coordinates":[82.28678030159756,28.13211648029634]},"properties":{"cat":"WARD OFFICES","name":"Ward 9 office"}},{"type":"Feature","geometry":{"type":"Point","coordinates":[82.2669864,28.0985301]},"properties":{"cat":"WARD OFFICES","name":"वडा नम्बर १० कार्यालय, तुलसीपुर उपमहानगरपालिका मतदान केन्द्र"}},{"type":"Feature","geometry":{"type":"Point","coordinates":[82.25146634768119,28.0553566520376]},"properties":{"cat":"WARD OFFICES","name":"Ward 11 office"}},{"type":"Feature","geometry":{"type":"Point","coordinates":[82.27614862214118,28.07065316063481]},"properties":{"cat":"WARD OFFICES","name":"Ward 12 office"}},{"type":"Feature","geometry":{"type":"Point","coordinates":[82.2799354,28.0083063]},"properties":{"cat":"WARD OFFICES","name":"Ward 13 office"}},{"type":"Feature","geometry":{"type":"Point","coordinates":[82.31604389158815,28.02132463676627]},"properties":{"cat":"WARD OFFICES","name":"Ward 14 office"}},{"type":"Feature","geometry":{"type":"Point","coordinates":[82.32981496942223,28.04045769362612]},"properties":{"cat":"WARD OFFICES","name":"ward 15 office"}},{"type":"Feature","geometry":{"type":"Point","coordinates":[82.31205880587952,28.07478964568181]},"properties":{"cat":"WARD OFFICES","name":"ward 16 office"}},{"type":"Feature","geometry":{"type":"Point","coordinates":[82.33203187160119,28.09001886970114]},"properties":{"cat":"WARD OFFICES","name":"ward 17 office"}},{"type":"Feature","geometry":{"type":"Point","coordinates":[82.35044509450819,28.10635839425057]},"properties":{"cat":"WARD OFFICES","name":"Ward 18 office"}},{"type":"Feature","geometry":{"type":"Point","coordinates":[82.36895005031846,28.14148436770346]},"properties":{"cat":"WARD OFFICES","name":"Ward 19 office"}},{"type":"Feature","geometry":{"type":"Point","coordinates":[82.25082178104924,28.13256826382595]},"properties":{"cat":"LAKES/DAMS","name":"Khairipur lake"}},{"type":"Feature","geometry":{"type":"Point","coordinates":[82.38148454963962,28.08674346961768]},"properties":{"cat":"LAKES/DAMS","name":"Bhaluchira lake"}},{"type":"Feature","geometry":{"type":"Point","coordinates":[82.38457269140113,28.11191885499644]},"properties":{"cat":"LAKES/DAMS","name":"Ambu kholi lake"}},{"type":"Feature","geometry":{"type":"Point","coordinates":[82.3611192276313,28.11911494162363]},"properties":{"cat":"LAKES/DAMS","name":"Gauri shota dam"}},{"type":"Feature","geometry":{"type":"Point","coordinates":[82.33588701796023,28.07971400788812]},"properties":{"cat":"LAKES/DAMS","name":"Chauwa khola"}},{"type":"Feature","geometry":{"type":"Point","coordinates":[82.38060014766972,28.10031702089298]},"properties":{"cat":"LAKES/DAMS","name":"Haspura lake"}},{"type":"Feature","geometry":{"type":"Point","coordinates":[82.31542471853074,28.06531413928598]},"properties":{"cat":"LAKES/DAMS","name":"radgai tal"}},{"type":"Feature","geometry":{"type":"Point","coordinates":[82.3101578100433,28.07318435282608]},"properties":{"cat":"LAKES/DAMS","name":"Lahalaura lake"}},{"type":"Feature","geometry":{"type":"Point","coordinates":[82.32938897104435,28.06637908471891]},"properties":{"cat":"LAKES/DAMS","name":"सिमसार व्यवस्थापन तथा संरक्षण पाेखरी, तुलसीपुर १६"}},{"type":"Feature","geometry":{"type":"Point","coordinates":[82.29975120207317,28.07937840219477]},"properties":{"cat":"LAKES/DAMS","name":"Jogi danda lake"}},{"type":"Feature","geometry":{"type":"Point","coordinates":[82.30693127312118,28.0777323700394]},"properties":{"cat":"LAKES/DAMS","name":"Dokreni Lake"}},{"type":"Feature","geometry":{"type":"Point","coordinates":[82.23590160081062,28.13590277541036]},"properties":{"cat":"LAKES/DAMS","name":"Kuirepani manipur dam"}},{"type":"Feature","geometry":{"type":"Point","coordinates":[82.30314540034458,28.01941901640358]},"properties":{"cat":"LAKES/DAMS","name":"Aakamik dam"}},{"type":"Feature","geometry":{"type":"Point","coordinates":[82.31978262615736,28.08597309353931]},"properties":{"cat":"LAKES/DAMS","name":"Biragi Lake"}},{"type":"Feature","geometry":{"type":"Point","coordinates":[82.31617215673693,28.06238293309915]},"properties":{"cat":"LAKES/DAMS","name":"Patkhauli lake"}},{"type":"Feature","geometry":{"type":"Point","coordinates":[82.30753277553539,28.052363860357]},"properties":{"cat":"LAKES/DAMS","name":"chepe dam"}},{"type":"Feature","geometry":{"type":"Point","coordinates":[82.36658752678665,28.11187013913158]},"properties":{"cat":"LAKES/DAMS","name":"Rani lake"}},{"type":"Feature","geometry":{"type":"Point","coordinates":[82.30223354830538,28.08430309044908]},"properties":{"cat":"LAKES/DAMS","name":"Doknera Lake"}},{"type":"Feature","geometry":{"type":"Point","coordinates":[82.32893203226293,28.01075604314682]},"properties":{"cat":"LAKES/DAMS","name":"pandanpur ekpatte dam"}},{"type":"Feature","geometry":{"type":"Point","coordinates":[82.2853843992384,28.01730332780545]},"properties":{"cat":"LAKES/DAMS","name":"Pulbari lakeside"}},{"type":"Feature","geometry":{"type":"Point","coordinates":[82.28398637390248,27.99878160739263]},"properties":{"cat":"LAKES/DAMS","name":"Chisapani Dam"}},{"type":"Feature","geometry":{"type":"Point","coordinates":[82.25225830945243,28.01069834621095]},"properties":{"cat":"LAKES/DAMS","name":"Aamkholi lake side"}},{"type":"Feature","geometry":{"type":"Point","coordinates":[82.26254605442573,28.15360627371272]},"properties":{"cat":"LAKES/DAMS","name":"Ektatol dam"}},{"type":"Feature","geometry":{"type":"Point","coordinates":[82.30822811533395,28.01717841378582]},"properties":{"cat":"LAKES/DAMS","name":"Hattidhunga lake"}},{"type":"Feature","geometry":{"type":"Point","coordinates":[82.29800911345161,28.20894538052398]},"properties":{"cat":"LAKES/DAMS","name":"Rani pokhari"}},{"type":"Feature","geometry":{"type":"Point","coordinates":[82.29849157200422,28.18066276721802]},"properties":{"cat":"LAKES/DAMS","name":"bishmore pokhari"}},{"type":"Feature","geometry":{"type":"Point","coordinates":[82.22949556087143,28.07593567197112]},"properties":{"cat":"LAKES/DAMS","name":"Jura Dam"}},{"type":"Feature","geometry":{"type":"Point","coordinates":[82.26747081223742,28.10035342851322]},"properties":{"cat":"LAKES/DAMS","name":"Gaurital"}},{"type":"Feature","geometry":{"type":"Point","coordinates":[82.24118248534872,28.16361127919477]},"properties":{"cat":"LAKES/DAMS","name":"Dharapani pokhari"}},{"type":"Feature","geometry":{"type":"Point","coordinates":[82.2628023583357,28.17583850982027]},"properties":{"cat":"LAKES/DAMS","name":"Jambo chira dam"}},{"type":"Feature","geometry":{"type":"Point","coordinates":[82.32330791219796,28.12001794429231]},"properties":{"cat":"LAKES/DAMS","name":"sim tal"}},{"type":"Feature","geometry":{"type":"Point","coordinates":[82.34443048809281,28.17299529169143]},"properties":{"cat":"LAKES/DAMS","name":"Sukidaha"}},{"type":"Feature","geometry":{"type":"Point","coordinates":[82.28864913628942,28.12135052328372]},"properties":{"cat":"LAKES/DAMS","name":"Kamal pokhari"}},{"type":"Feature","geometry":{"type":"Point","coordinates":[82.24710881404992,28.08641602429429]},"properties":{"cat":"LAKES/DAMS","name":"Budigageri prakritik lake"}},{"type":"Feature","geometry":{"type":"Point","coordinates":[82.31924303737588,28.06425246421752]},"properties":{"cat":"LAKES/DAMS","name":"bulbule sotaha"}},{"type":"Feature","geometry":{"type":"Point","coordinates":[82.38187998242101,28.09342453977263]},"properties":{"cat":"LAKES/DAMS","name":"Pirthali kuire tal"}},{"type":"Feature","geometry":{"type":"Point","coordinates":[82.38134141469958,28.12959488870633]},"properties":{"cat":"LAKES/DAMS","name":"Kranti sangralaya dam"}},{"type":"Feature","geometry":{"type":"Point","coordinates":[82.24598521027464,28.13194118558863]},"properties":{"cat":"LAKES/DAMS","name":"Takiyapur lake"}},{"type":"Feature","geometry":{"type":"Point","coordinates":[82.27411259237175,28.22127019096539]},"properties":{"cat":"View Tower/Danda","name":"Tulsipur 3 viral danda"}},{"type":"Feature","geometry":{"type":"Point","coordinates":[82.32993715505742,28.03945605486658]},"properties":{"cat":"View Tower/Danda","name":"Kotheri danda"}},{"type":"Feature","geometry":{"type":"Point","coordinates":[82.28748104293717,28.01485272532064]},"properties":{"cat":"View Tower/Danda","name":"Raniyapur Hattidhunga"}},{"type":"Feature","geometry":{"type":"Point","coordinates":[82.36099586871065,28.10908018067571]},"properties":{"cat":"View Tower/Danda","name":"Dhankhania danda"}},{"type":"Feature","geometry":{"type":"Point","coordinates":[82.27644811658857,28.23166050272176]},"properties":{"cat":"View Tower/Danda","name":"Balle danda"}},{"type":"Feature","geometry":{"type":"Point","coordinates":[82.27830457262891,28.18667355633357]},"properties":{"cat":"View Tower/Danda","name":"bheudar danda"}},{"type":"Feature","geometry":{"type":"Point","coordinates":[82.26080341637322,28.17621768613205]},"properties":{"cat":"View Tower/Danda","name":"Devsthan picnic spot"}},{"type":"Feature","geometry":{"type":"Point","coordinates":[82.29348514773024,28.02280436013297]},"properties":{"cat":"View Tower/Danda","name":"Jantidhunga tourist site"}},{"type":"Feature","geometry":{"type":"Point","coordinates":[82.40001664479838,28.15093604699387]},"properties":{"cat":"View Tower/Danda","name":"View tower chillikot"}},{"type":"Feature","geometry":{"type":"Point","coordinates":[82.30610295303016,28.01756961105529]},"properties":{"cat":"PARK","name":"हात्ती ढुङ्गा"}},{"type":"Feature","geometry":{"type":"Point","coordinates":[82.31165934130378,27.98874584421588]},"properties":{"cat":"PARK","name":"Tuikhola"}},{"type":"Feature","geometry":{"type":"Point","coordinates":[82.38371657442765,28.11011143438652]},"properties":{"cat":"PARK","name":"Love park"}},{"type":"Feature","geometry":{"type":"Point","coordinates":[82.3173425867605,28.14640107550605]},"properties":{"cat":"PARK","name":"Rapti Santi Udhyan (Park)"}},{"type":"Feature","geometry":{"type":"Point","coordinates":[82.38257096722253,28.09135201204132]},"properties":{"cat":"PARK","name":"Pirthali park"}},{"type":"Feature","geometry":{"type":"Point","coordinates":[82.31757242272413,27.98390729102244]},"properties":{"cat":"PARK","name":"Sahid park"}},{"type":"Feature","geometry":{"type":"Point","coordinates":[82.36296808113356,28.11626158750427]},"properties":{"cat":"PARK","name":"Hattikhal"}},{"type":"Feature","geometry":{"type":"Point","coordinates":[82.24398528755775,28.15735745499912]},"properties":{"cat":"PARK","name":"Uttar batika (park)"}},{"type":"Feature","geometry":{"type":"Point","coordinates":[82.2981065303259,28.13045045699398]},"properties":{"cat":"PARK","name":"Puspalal park"}},{"type":"Feature","geometry":{"type":"Point","coordinates":[82.35639840751514,28.1337449779589]},"properties":{"cat":"PARK","name":"Khanipani Park"}},{"type":"Feature","geometry":{"type":"Point","coordinates":[82.28322572742819,28.142930055293]},"properties":{"cat":"PARK","name":"Nawadurga green park"}},{"type":"Feature","geometry":{"type":"Point","coordinates":[82.31950597108667,28.20144890520369]},"properties":{"cat":"PARK","name":"7 tale park"}},{"type":"Feature","geometry":{"type":"Point","coordinates":[82.21894073337549,28.07785293223228]},"properties":{"cat":"DURBAR","name":"sakura durbar dangisaran (tharuraja durbar)"}},{"type":"Feature","geometry":{"type":"Point","coordinates":[82.34208726425733,28.19935603815507]},"properties":{"cat":"CAVES","name":"शिद्ध चमेरी गुफा"}},{"type":"Feature","geometry":{"type":"Point","coordinates":[82.40109028452042,28.14916621040373]},"properties":{"cat":"CAVES","name":"Madale gufa"}},{"type":"Feature","geometry":{"type":"Point","coordinates":[82.26728040749384,28.13757125172722]},"properties":{"cat":"RISK AREA","name":"Rato pahiro"}},{"type":"Feature","geometry":{"type":"Point","coordinates":[82.29718241341705,28.13089139141191]},"properties":{"cat":"A. Banks","name":"Siddharth bank"}},{"type":"Feature","geometry":{"type":"Point","coordinates":[82.2966293,28.1319976]},"properties":{"cat":"A. Banks","name":"नेपाल-बङ्गलादेश बैंक"}},{"type":"Feature","geometry":{"type":"Point","coordinates":[82.29628375082774,28.13244151671822]},"properties":{"cat":"A. Banks","name":"NIMB Bank"}},{"type":"Feature","geometry":{"type":"Point","coordinates":[82.29552490000003,28.1322897]},"properties":{"cat":"A. Banks","name":"सिटिजन्स बैंक"}},{"type":"Feature","geometry":{"type":"Point","coordinates":[82.2966158,28.1298731]},"properties":{"cat":"A. Banks","name":"मेघा बैंक लिमिटेड, तुलसीपुर शाखा"}},{"type":"Feature","geometry":{"type":"Point","coordinates":[82.29659194827448,28.13267521333927]},"properties":{"cat":"A. Banks","name":"Lumbini bikash bank"}},{"type":"Feature","geometry":{"type":"Point","coordinates":[82.29831733187096,28.13162514606394]},"properties":{"cat":"A. Banks","name":"Muktinath bank"}},{"type":"Feature","geometry":{"type":"Point","coordinates":[82.3002275,28.13270829999998]},"properties":{"cat":"A. Banks","name":"नेपाल बैंक लिमिटेड, तुलसीपुर शाखा"}},{"type":"Feature","geometry":{"type":"Point","coordinates":[82.2986924,28.1326081]},"properties":{"cat":"A. Banks","name":"नबिल बैंक लिमिटेड, तुलसीपुर शाखा"}},{"type":"Feature","geometry":{"type":"Point","coordinates":[82.29735219999998,28.13159540000002]},"properties":{"cat":"A. Banks","name":"कामना सेवा बिकास बैंक, तुलसीपुर शाखा"}},{"type":"Feature","geometry":{"type":"Point","coordinates":[82.2981731,28.13197940000002]},"properties":{"cat":"A. Banks","name":"ग्लोबल आइ.एम.ई. बैंक, तुलसीपुर शाखा"}},{"type":"Feature","geometry":{"type":"Point","coordinates":[82.29693900445344,28.13199863934082]},"properties":{"cat":"A. Banks","name":"Civil bank"}},{"type":"Feature","geometry":{"type":"Point","coordinates":[82.29907750000001,28.1346124]},"properties":{"cat":"A. Banks","name":"ग्लोबल आइ.एम.ई. बैंक, आ.रा.का. काउन्टर"}},{"type":"Feature","geometry":{"type":"Point","coordinates":[82.29762310000001,28.13181309999997]},"properties":{"cat":"A. Banks","name":"महालक्ष्मी बिकास बैंक"}},{"type":"Feature","geometry":{"type":"Point","coordinates":[82.2976747,28.1316753]},"properties":{"cat":"A. Banks","name":"माछापुच्छ्रे बैंक, तुलसीपुर शाखा"}},{"type":"Feature","geometry":{"type":"Point","coordinates":[82.2964342,28.13024419999998]},"properties":{"cat":"A. Banks","name":"कर्णाली बिकास बैंक, तुलसीपुर शाखा"}},{"type":"Feature","geometry":{"type":"Point","coordinates":[82.29561888725019,28.13268438500553]},"properties":{"cat":"A. Banks","name":"sunrise bank"}},{"type":"Feature","geometry":{"type":"Point","coordinates":[82.29863230000002,28.1342085]},"properties":{"cat":"A. Banks","name":"नेपाल एस.बि.आई. बैंक, तुलसीपुर शाखा"}},{"type":"Feature","geometry":{"type":"Point","coordinates":[82.29589240000001,28.1324091]},"properties":{"cat":"A. Banks","name":"गरिमा बिकास बैंक, तुलसीपुर शाखा"}},{"type":"Feature","geometry":{"type":"Point","coordinates":[82.29579084092335,28.12998436884342]},"properties":{"cat":"A. Banks","name":"Prime bank"}},{"type":"Feature","geometry":{"type":"Point","coordinates":[82.3391739,28.114243]},"properties":{"cat":"A. Banks","name":"कुमारी बैंक, बिजौरी शाखा"}},{"type":"Feature","geometry":{"type":"Point","coordinates":[82.29665293702801,28.13286542238022]},"properties":{"cat":"A. Banks","name":"Himalayan bank"}},{"type":"Feature","geometry":{"type":"Point","coordinates":[82.29707730000001,28.13181420000002]},"properties":{"cat":"A. Banks","name":"बैंक अफ काठमाण्डौ, तुलसीपुर शाखा"}},{"type":"Feature","geometry":{"type":"Point","coordinates":[82.29692909999999,28.1313353]},"properties":{"cat":"A. Banks","name":"एन.एम.बी. बैंक, तुलसीपुर शाखा"}},{"type":"Feature","geometry":{"type":"Point","coordinates":[82.29653459855953,28.12951899357779]},"properties":{"cat":"A. Banks","name":"Prabhu bank"}},{"type":"Feature","geometry":{"type":"Point","coordinates":[82.33911080000003,28.1140467]},"properties":{"cat":"A. Banks","name":"कर्णाली बिकास बैंक, बिजौरी शाखा"}},{"type":"Feature","geometry":{"type":"Point","coordinates":[82.29732126356956,28.13124453674325]},"properties":{"cat":"A. Banks","name":"राष्ट्रिय बाणिज्य बैंक, तुलसीपुर शाखा"}},{"type":"Feature","geometry":{"type":"Point","coordinates":[82.29723469999998,28.1320778]},"properties":{"cat":"A. Banks","name":"कुमारी बैंक, तुलसीपुर शाखा"}},{"type":"Feature","geometry":{"type":"Point","coordinates":[82.29562920000002,28.1326829]},"properties":{"cat":"A. Banks","name":"सनराइज बैंक"}},{"type":"Feature","geometry":{"type":"Point","coordinates":[82.29581369999998,28.1281563]},"properties":{"cat":"A. Banks","name":"Nabil Bank"}},{"type":"Feature","geometry":{"type":"Point","coordinates":[82.29753049999998,28.1305198]},"properties":{"cat":"A. Banks","name":"एन.आइ.सी. एसिया बैंक, तुलसीपुर शाखा"}},{"type":"Feature","geometry":{"type":"Point","coordinates":[82.29777969999998,28.1330984]},"properties":{"cat":"A. Banks","name":"Jyoti Bikas Bank"}},{"type":"Feature","geometry":{"type":"Point","coordinates":[82.2974709,28.13003270000002]},"properties":{"cat":"A. Banks","name":"ज्योति बिकास बैंक, तुलसीपुर शाखा"}},{"type":"Feature","geometry":{"type":"Point","coordinates":[82.30526939999997,28.1294548]},"properties":{"cat":"A. Banks","name":"कृषि बिकास बैंक"}},{"type":"Feature","geometry":{"type":"Point","coordinates":[82.2974461,28.1303656]},"properties":{"cat":"A. Banks","name":"सानिमा बैंक, तुलसीपुर शाखा"}},{"type":"Feature","geometry":{"type":"Point","coordinates":[82.2969056,28.13126729999997]},"properties":{"cat":"A. Banks","name":"सांग्रिला बिकास बैंक"}},{"type":"Feature","geometry":{"type":"Point","coordinates":[82.297617,28.132143]},"properties":{"cat":"A. Banks","name":"नेपाल इन्भेस्टमेन्ट बैंक, तुलसीपुर शाखा"}},{"type":"Feature","geometry":{"type":"Point","coordinates":[82.29945970000001,28.13296380000001]},"properties":{"cat":"A. Banks","name":"लक्ष्मी बैंक, तुलसीपुर शाखा"}},{"type":"Feature","geometry":{"type":"Point","coordinates":[82.2977679,28.13319380000002]},"properties":{"cat":"A. Banks","name":"साइन रेसुंगा बिकास बैंक, तुलसीपुर शाखा"}},{"type":"Feature","geometry":{"type":"Point","coordinates":[82.29831179999996,28.13101729999999]},"properties":{"cat":"A. Banks","name":"मेघा बैंक, नगरपालिका काउन्टर"}},{"type":"Feature","geometry":{"type":"Point","coordinates":[82.29687939999995,28.13118510000001]},"properties":{"cat":"A. Banks","name":"एभरेष्ट बैंक, तुलसीपुर शाखा"}},{"type":"Feature","geometry":{"type":"Point","coordinates":[82.36043710000003,28.09517590000002]},"properties":{"cat":"A. Banks","name":"एन.आइ.सी. एसिया बैंक, ने.स.वि. काउन्टर, बेलझुण्डी"}},{"type":"Feature","geometry":{"type":"Point","coordinates":[82.295246,28.1318154]},"properties":{"cat":"B. लघुबित्त","name":"स्वाबलम्बन लघुबित्त"}},{"type":"Feature","geometry":{"type":"Point","coordinates":[82.28996249278234,28.10102138744875]},"properties":{"cat":"B. लघुबित्त","name":"Global IME lagubittiya"}},{"type":"Feature","geometry":{"type":"Point","coordinates":[82.3394394,28.1139579]},"properties":{"cat":"B. लघुबित्त","name":"जनउत्थान लघुबित्त, बिजौरी"}},{"type":"Feature","geometry":{"type":"Point","coordinates":[82.27776870000002,28.07090459999998]},"properties":{"cat":"B. लघुबित्त","name":"सबैको लघुबित्त, उरहरी शाखा"}},{"type":"Feature","geometry":{"type":"Point","coordinates":[82.27913248428844,28.00814809177647]},"properties":{"cat":"B. लघुबित्त","name":"Matribhumi lagubittiya sanstha"}},{"type":"Feature","geometry":{"type":"Point","coordinates":[82.2931552,28.1269486]},"properties":{"cat":"B. लघुबित्त","name":"छिमेक लघुबित्त"}},{"type":"Feature","geometry":{"type":"Point","coordinates":[82.2969733,28.130712]},"properties":{"cat":"B. लघुबित्त","name":"निर्धन उत्थान लघुबित्त"}},{"type":"Feature","geometry":{"type":"Point","coordinates":[82.34006169999996,28.1137013]},"properties":{"cat":"B. लघुबित्त","name":"ग्रामिण बिकास लघुबित्त"}},{"type":"Feature","geometry":{"type":"Point","coordinates":[82.37224820000002,28.08569429999999]},"properties":{"cat":"B. लघुबित्त","name":"इन्फिनिटि लघुबित्त, दुधरास"}},{"type":"Feature","geometry":{"type":"Point","coordinates":[82.25776006421609,28.10144658258201]},"properties":{"cat":"C. SAHAKARI SANSTHA","name":"Patu praganna krishi sahakari bhawan"}},{"type":"Feature","geometry":{"type":"Point","coordinates":[82.25122050006792,28.05545172343976]},"properties":{"cat":"C. SAHAKARI SANSTHA","name":"sana kishan Sahakari sanstha"}},{"type":"Feature","geometry":{"type":"Point","coordinates":[82.34426956410029,28.14702850532516]},"properties":{"cat":"C. SAHAKARI SANSTHA","name":"Mahila subida sahakari Nawalpur"}},{"type":"Feature","geometry":{"type":"Point","coordinates":[82.33658621506248,28.13126910397747]},"properties":{"cat":"C. SAHAKARI SANSTHA","name":"Shivashakti sahakari"}},{"type":"Feature","geometry":{"type":"Point","coordinates":[82.25147966184535,28.14799100452073]},"properties":{"cat":"C. SAHAKARI SANSTHA","name":"Arunodaya krishi sahakari sanstha"}},{"type":"Feature","geometry":{"type":"Point","coordinates":[82.2846291439797,28.10501446563928]},"properties":{"cat":"C. SAHAKARI SANSTHA","name":"Sanakishan krishi sahakari sanstha"}},{"type":"Feature","geometry":{"type":"Point","coordinates":[82.21464375310941,28.12160604725814]},"properties":{"cat":"C. SAHAKARI SANSTHA","name":"Ratannath krishi sahakari sanstha"}},{"type":"Feature","geometry":{"type":"Point","coordinates":[82.29510178630142,28.13318255271937]},"properties":{"cat":"C. SAHAKARI SANSTHA","name":"IME remitance"}},{"type":"Feature","geometry":{"type":"Point","coordinates":[82.31184292210331,28.14288464173087]},"properties":{"cat":"C. SAHAKARI SANSTHA","name":"Janasewa sahakari sanstha"}},{"type":"Feature","geometry":{"type":"Point","coordinates":[82.35978285585179,28.08632015693598]},"properties":{"cat":"C. SAHAKARI SANSTHA","name":"सहकारी एम्रो टुरिजम"}},{"type":"Feature","geometry":{"type":"Point","coordinates":[82.23902410558196,28.11876513285236]},"properties":{"cat":"C. SAHAKARI SANSTHA","name":"Darpan krishi sahakari sanstha"}},{"type":"Feature","geometry":{"type":"Point","coordinates":[82.3406437,28.1133653]},"properties":{"cat":"C. SAHAKARI SANSTHA","name":"गोर्खा फाइनान्स लिमिटेड, बिजौरी"}},{"type":"Feature","geometry":{"type":"Point","coordinates":[82.30910184664168,28.07205106525384]},"properties":{"cat":"C. SAHAKARI SANSTHA","name":"Daharchandi sahakari"}},{"type":"Feature","geometry":{"type":"Point","coordinates":[82.24455456235476,28.01949576525375]},"properties":{"cat":"C. SAHAKARI SANSTHA","name":"Jyoti mahila bikash office"}},{"type":"Feature","geometry":{"type":"Point","coordinates":[82.2622727724861,28.05286320170362]},"properties":{"cat":"C. SAHAKARI SANSTHA","name":"Pabitra sahakari sanstha"}},{"type":"Feature","geometry":{"type":"Point","coordinates":[82.32165883066537,28.08901568353832]},"properties":{"cat":"C. SAHAKARI SANSTHA","name":"Pipalchautari sahakari"}},{"type":"Feature","geometry":{"type":"Point","coordinates":[82.32452759697692,28.02668294366561]},"properties":{"cat":"C. SAHAKARI SANSTHA","name":"Gramin kishan sahakari sanstha"}},{"type":"Feature","geometry":{"type":"Point","coordinates":[82.26592068930343,28.09569401166733]},"properties":{"cat":"C. SAHAKARI SANSTHA","name":"Gauri bhagawati krishi sahakari"}},{"type":"Feature","geometry":{"type":"Point","coordinates":[82.31539335405452,28.18118589060948]},"properties":{"cat":"C. SAHAKARI SANSTHA","name":"om nawa jagrit krishi sahakari"}},{"type":"Feature","geometry":{"type":"Point","coordinates":[82.28568700310399,28.10448114218782]},"properties":{"cat":"C. SAHAKARI SANSTHA","name":"Shreejana mahila bachat tatha rin sahakari sanstha"}},{"type":"Feature","geometry":{"type":"Point","coordinates":[82.3130374609093,28.17466957036288]},"properties":{"cat":"C. SAHAKARI SANSTHA","name":"Pariwartan krishi sahakari"}},{"type":"Feature","geometry":{"type":"Point","coordinates":[82.25464666938915,28.16838318980484]},"properties":{"cat":"C. SAHAKARI SANSTHA","name":"Dudha manakamana sahakari sanstha"}},{"type":"Feature","geometry":{"type":"Point","coordinates":[82.32353035409044,28.12902362390139]},"properties":{"cat":"C. SAHAKARI SANSTHA","name":"nAWABIHANI SAHAKARI sanstha"}},{"type":"Feature","geometry":{"type":"Point","coordinates":[82.30281746658997,28.1316630546765]},"properties":{"cat":"C. SAHAKARI SANSTHA","name":"Rapti bachat tatha sahakari sanstha"}},{"type":"Feature","geometry":{"type":"Point","coordinates":[82.28965760000001,28.11293649999998]},"properties":{"cat":"C. SAHAKARI SANSTHA","name":"Sana Kishan Bachat tatha Sahakari Sanstha"}}]}